lat,warming,ac_prevalence,lighting,E_ST,E_DST,dE_DST,dE_DST_pct,C_ST,C_DST,dC_DST,dC_DST_pct,dE_light,dE_cool,dE_heat,peak_ST,peak_DST,dpeak,par_ST,par_DST
20,0,0.0,incandescent,5259.4777737922,5261.332827779282,1.8550539870811917,0.03527068782997549,2403.876145470938,2406.178747113056,2.302601642118134,0.09578703322367037,1.8550539870816465,0.0,0.0,0.8466567890976706,0.8466567890976706,0.0,1.4101615771536913,1.4096643788311836
20,0,0.0,fluorescent,4442.088223832833,4442.875216433414,0.786992600580561,0.01771672602894655,1974.3043841586618,1976.0216583147096,1.7172741560477789,0.08698122588526719,0.7869926005801062,0.0,0.0,0.6566567890976707,0.6566567890976707,0.0,1.294957052323522,1.2947276689695897
20,0,0.0,mixed,4270.006213315073,4270.568350886915,0.5621375718419586,0.01316479517264065,1883.8682238823933,1885.4622711992686,1.594047316875276,0.0846156486248366,0.5621375718428681,0.0,0.0,0.6166567890976709,0.6166567890976709,0.0,1.2650832815303454,1.2649167578300726
20,0,0.0,led,4076.413951482591,4076.7231271471046,0.30917566451353196,0.007584501186418637,1782.127543571591,1783.5829606943971,1.4554171228060113,0.0816673940120574,0.30917566451364564,0.0,0.0,0.5716567890976707,0.5716567890976707,0.0,1.2284604880900996,1.2283673225559468
20,0,0.0,full_led,4011.8831975384305,4012.1080525671678,0.22485502873723817,0.005604725204243294,1748.2139834679904,1749.6231905261066,1.4092070581161806,0.08060838498275191,0.2248550287371529,0.0,0.0,0.5566567890976708,0.5566567890976708,0.0,1.2154674581472247,1.2153993383541757
20,0,0.25,incandescent,5764.043054904862,5769.837764361984,5.794709457121826,0.10053202937460483,2608.2430476393283,2612.8246751542106,4.581627514882257,0.17565953138565832,1.8550539870816465,3.939655470040748,0.0,0.9966666666666667,0.9966666666666667,0.0,1.5147006913091328,1.5131794612886196
20,0,0.25,fluorescent,4946.653504945495,4951.380153016116,4.726648070621195,0.0955524389548541,2178.6712863270527,2182.6675863558644,3.9963000288116746,0.18342831495011347,0.7869926005801062,3.939655470040748,0.0,0.8066666666666666,0.8066666666666666,0.0,1.4285213211184602,1.427157637188396
20,0,0.25,mixed,4774.571494427734,4779.073287469618,4.501793041883502,0.09428684955576466,2088.2351260507844,2092.108199240423,3.8730731896384896,0.18547112541695168,0.5621375718428681,3.939655470040748,0.0,0.7666666666666666,0.7666666666666666,0.0,1.4066183756674395,1.4052933688229605
20,0,0.25,led,4580.979232595252,4585.228063729807,4.2488311345550756,0.09274940834315885,1986.494445739982,1990.228888735552,3.734442995569907,0.1879916152586474,0.30917566451364564,3.939655470040748,0.0,0.7216666666666668,0.7216666666666668,0.0,1.3800106219688153,1.3787318563294315
20,0,0.25,full_led,4516.448478651092,4520.61298914987,4.164510498778327,0.09220763877776202,1952.5808856363813,1956.2691185672613,3.6882329308800763,0.18889014831659662,0.2248550287371529,3.939655470040748,0.0,0.7066666666666667,0.7066666666666667,0.0,1.3706344773468686,1.369371811932997
20,0,0.5,incandescent,6268.608336017523,6278.342700944686,9.73436492716337,0.15528749612944648,2812.6099498077197,2819.4706031953656,6.860653387645925,0.24392480685474874,1.8550539870816465,7.879310940081496,0.0,1.1633333333333336,1.1633333333333336,0.0,1.6256877848703284,1.62316720915324
20,0,0.5,fluorescent,5451.218786058157,5459.885089598819,8.66630354066183,0.1589791912741873,2383.038188495444,2389.3135143970194,6.275325901575343,0.26333299784580183,0.7869926005801062,7.879310940081496,0.0,0.9733333333333333,0.9733333333333333,0.0,1.5641272777028903,1.5616445877666818
20,0,0.5,mixed,5279.136775540395,5287.5782240523195,8.441448511924136,0.15990206109141836,2292.6020282191744,2298.754127281578,6.152099062403522,0.2683457044301008,0.5621375718428681,7.879310940081496,0.0,0.9333333333333335,0.9333333333333335,0.0,1.5487380508649675,1.546265540395928
20,0,0.5,led,5085.544513707914,5093.73300031251,8.18848660459571,0.16101494309063502,2190.861347908373,2196.874816776706,6.013468868333348,0.2744796640862024,0.30917566451364564,7.879310940081496,0.0,0.8883333333333332,0.8883333333333332,0.0,1.5301802941699594,1.5277204359793832
20,0,0.5,full_led,5021.013759763754,5029.117925732572,8.104165968818052,0.16140497430541526,2156.9477878047724,2162.915046608416,5.967258803643745,0.27665290914236296,0.2248550287371529,7.879310940081496,0.0,0.8733333333333334,0.8733333333333334,0.0,1.5236763661766908,1.5212210397483563
20,0,0.75,incandescent,6773.173617130185,6786.8476375273885,13.674020397203094,0.2018849828774479,3016.97685197611,3026.11653123652,9.139679260410048,0.30294164353377745,1.8550539870816465,11.81896641012213,0.0,1.33,1.33,0.0,1.7201389863289052,1.716673280769961
20,0,0.75,fluorescent,5955.784067170818,5968.390026181521,12.605959010702463,0.21165910094337392,2587.405090663834,2595.9594424381735,8.554351774339466,0.33061509406494716,0.7869926005801062,11.81896641012213,0.0,1.1400000000000001,1.1400000000000001,0.0,1.676756559232318,1.6732150473063399
20,0,0.75,mixed,5783.702056653057,5796.083160635023,12.38110398196568,0.21406884138721421,2496.9689303875657,2505.4000553227324,8.431124935166736,0.3376543789777193,0.5621375718428681,11.81896641012213,0.0,1.1,1.1,0.0,1.666060925271142,1.6625020264450923
20,0,0.75,led,5590.109794820576,5602.237936895211,12.128142074634525,0.21695713536559968,2395.228250076764,2403.5207448178617,8.292494741097471,0.34620895694728493,0.30917566451364564,11.81896641012213,0.0,1.0550000000000002,1.0550000000000002,0.0,1.6532412312478797,1.6496621714574755
20,0,0.75,full_led,5525.579040876415,5537.622862315275,12.043821438859595,0.21796487480793178,2361.3146899731632,2369.5609746495707,8.246284676407413,0.349224299134019,0.2248550287371529,11.81896641012213,0.0,1.04,1.0414843398894944,0.0014843398894943682,1.6487683793145043,1.64753054591686
20,0,1.0,incandescent,7277.738898242846,7295.352574110091,17.613675867245547,0.2420212666807576,3221.343754144501,3232.7624592776747,11.418705133173717,0.3544702461040581,1.8550539870816465,15.758621880162991,0.0,1.4966666666666666,1.4966666666666666,0.0,1.8014935934518757,1.7971441224825646
20,0,1.0,fluorescent,6460.34934828348,6476.894962764223,16.545614480743097,0.2561102130667172,2791.7719928322254,2802.605370479329,10.833377647103589,0.38804664832650726,0.7869926005801062,15.758621880162991,0.0,1.3066666666666666,1.3066666666666666,0.0,1.771792728676711,1.7672665784771167
20,0,1.0,mixed,6288.267337765718,6304.588097217724,16.320759452005404,0.2595430279178354,2701.3358325559566,2712.045983363887,10.710150807930404,0.39647609448828314,0.5621375718428681,15.758621880162991,0.0,1.2666666666666666,1.2666666666666666,0.0,1.7645560221907668,1.7599880957959446
20,0,1.0,led,6094.675075933236,6110.742873477913,16.067797544676978,0.26363665567875455,2599.595152245154,2610.1666728590158,10.571520613861594,0.40666026803179117,0.30917566451364564,15.758621880162991,0.0,1.2216666666666667,1.2224540469006606,0.0007873802339939395,1.7559262580312873,1.752437906907865
20,0,1.0,full_led,6030.144321989077,6046.127798897976,15.98347690889932,0.26505960811941365,2565.681592141554,2576.206902690725,10.525310549171081,0.4102344804362761,0.2248550287371529,15.758621880162991,0.0,1.2066666666666666,1.2181797034686501,0.011513036801983567,1.752926536344207,1.7649733114027821
20,1,0.0,incandescent,5236.695412254453,5238.550466241534,1.8550539870811917,0.0354241337531329,2393.3798366090864,2395.6824382512045,2.302601642118134,0.09620711292447562,1.8550539870816465,0.0,0.0,0.8300000000000002,0.8300000000000002,0.0,1.3884328622561313,1.3879411961104062
20,1,0.0,fluorescent,4419.305862295086,4420.092854895666,0.786992600580561,0.01780805911840306,1963.8080752968103,1965.5253494528583,1.7172741560480063,0.0874461296727511,0.7869926005801062,0.0,0.0,0.64,0.64,0.0,1.2686155189739274,1.2683896433963797
20,1,0.0,mixed,4247.223851777325,4247.785989349169,0.5621375718437776,0.013235411917564489,1873.371915020542,1874.965962337417,1.5940473168750486,0.08508974134255501,0.5621375718428681,0.0,0.0,0.6,0.6,0.0,1.237514240696434,1.2373504722645658
20,1,0.0,led,4053.6315899448437,4053.940765609357,0.30917566451353196,0.007627127864319283,1771.6312347097398,1773.0866518325456,1.455417122805784,0.0821512453772151,0.30917566451364564,0.0,0.0,0.555,0.555,0.0,1.1993689836194892,1.1992775131901101
20,1,0.0,full_led,3989.1008360006826,3989.3256910294203,0.22485502873769292,0.00563673464226399,1737.7176746061389,1739.1268816642553,1.409207058116408,0.08109528254846178,0.2248550287371529,0.0,0.0,0.54,0.54,0.0,1.185831142023102,1.1857643036358234
20,1,0.25,incandescent,5812.21463298236,5818.0279218860605,5.813288903700595,0.1000184829843024,2628.725788874063,2633.353541004958,4.62775213089526,0.1760454494904705,1.8550539870816465,3.9582349166183803,0.0,1.0091666666666665,1.0091666666666665,0.0,1.520986501399015,1.519466753802411
20,1,0.25,fluorescent,4994.825083022994,4999.570310540193,4.745227517199055,0.09500287674392642,2199.154027561787,2203.1964522066123,4.042424644825132,0.1838172585531441,0.7869926005801062,3.9582349166183803,0.0,0.8191666666666666,0.8191666666666666,0.0,1.43666692641356,1.4353033469439616
20,1,0.25,mixed,4822.743072505233,4827.263444993694,4.520372488461362,0.09373031945724614,2108.717867285519,2112.637065091171,3.9191978056519474,0.18585690700752672,0.5621375718428681,3.9582349166183803,0.0,0.7791666666666666,0.7791666666666666,0.0,1.4152734029960279,1.4139481049203262
20,1,0.25,led,4629.150810672751,4633.418221253883,4.267410581132026,0.0921856028387169,2006.9771869747167,2010.7577545862994,3.7805676115826827,0.18837122993318356,0.30917566451364564,3.9582349166183803,0.0,0.7341666666666666,0.7341666666666666,0.0,1.3893044886704273,1.388024929521596
20,1,0.25,full_led,4564.6200567285905,4568.803146673945,4.183089945354368,0.09164158009576681,1973.0636268711157,1976.7979844180088,3.7343575468930794,0.18926696007340743,0.2248550287371529,3.9582349166183803,0.0,0.7191666666666666,0.7191666666666666,0.0,1.380158681709659,1.3788950405066764
20,1,0.5,incandescent,6387.733853710266,6397.505377530585,9.77152382031909,0.1529732459758538,2864.07174113904,2871.0246437587116,6.952902619671477,0.24276286518250098,1.8550539870816465,7.916469833236761,0.0,1.1883333333333332,1.1883333333333332,0.0,1.6296546221871075,1.6271654943130576
20,1,0.5,fluorescent,5570.3443037509,5579.047766184716,8.70346243381664,0.15624639984921568,2434.499979826764,2440.8675549603654,6.367575133601349,0.26155576859172774,0.7869926005801062,7.916469833236761,0.0,0.9983333333333332,0.9983333333333332,0.0,1.5699927191414567,1.5675434888740203
20,1,0.5,mixed,5398.262293233139,5406.740900638219,8.478607405079856,0.15706179034145876,2344.0638195504957,2350.308167844925,6.244348294429074,0.2663898586014824,0.5621375718428681,7.916469833236761,0.0,0.9583333333333331,0.9583333333333331,0.0,1.5551300666741124,1.5526913817913934
20,1,0.5,led,5204.6700314006575,5212.895676898407,8.22564549774961,0.15804355411818416,2242.323139239693,2248.4288573400527,6.105718100359809,0.27229430020644046,0.30917566451364564,7.916469833236761,0.0,0.913333333333333,0.913333333333333,0.0,1.5372348202152708,1.534809153280495
20,1,0.5,full_led,5140.139277456497,5148.280602318471,8.141324861973771,0.1583872424951558,2208.4095791360924,2214.469087171763,6.05950803567066,0.27438334324020996,0.2248550287371529,7.916469833236761,0.0,0.8983333333333332,0.8983333333333332,0.0,1.530970188787185,1.5285491619194382
20,1,0.75,incandescent,6963.253074438173,6976.9828331751105,13.729758736937583,0.19717449000006887,3099.417693404017,3108.6957465124656,9.278053108448603,0.2993482655852925,1.8550539870816465,11.874704749855255,0.0,1.3674999999999997,1.3674999999999997,0.0,1.7203597042847019,1.716974269026317
20,1,0.75,fluorescent,6145.863524478807,6158.525221829243,12.661697350435134,0.20601982618071385,2669.8459320917414,2678.53865771412,8.692725622378475,0.32558903560281455,0.7869926005801062,11.874704749855255,0.0,1.1774999999999998,1.1774999999999998,0.0,1.678348365354361,1.6748977439336041
20,1,0.75,mixed,5973.781513961047,5986.218356282743,12.436842321696531,0.20819044507454726,2579.4097718154726,2587.979270598678,8.56949878320529,0.332227119430264,0.5621375718428681,11.874704749855255,0.0,1.1374999999999997,1.1374999999999997,0.0,1.6680389091419612,1.664573426317119
20,1,0.75,led,5780.189252128564,5792.3731325429335,12.183880414369924,0.21078687708855193,2477.66909150467,2486.0999600938067,8.43086858913648,0.34027419634219497,0.30917566451364564,11.874704749855255,0.0,1.0924999999999998,1.0924999999999998,0.0,1.6557070335501074,1.652224361416182
20,1,0.75,full_led,5715.658498184404,5727.758057962998,12.099559778593175,0.21169143997033124,2443.7555314010697,2452.140189925516,8.384658524446422,0.34310545456399544,0.2248550287371529,11.874704749855255,0.0,1.0775,1.0778593398894944,0.00035933988949454765,1.6514107697299083,1.648471831715237
20,1,1.0,incandescent,7538.77229516608,7556.460288819636,17.687993653556077,0.23462697851874048,3334.763645668994,3346.366849266219,11.603203597225274,0.34794680613406803,1.8550539870816465,15.832939666473521,0.0,1.5466666666666666,1.5466666666666666,0.0,1.7972157096040156,1.7930088271682565
20,1,1.0,fluorescent,6721.3827452067135,6738.002677473768,16.619932267054537,0.24726954106142632,2905.191884356718,2916.2097604678734,11.017876111155147,0.37924779325186564,0.7869926005801062,15.832939666473521,0.0,1.3566666666666665,1.3566666666666665,0.0,1.7681480806126149,1.7637867731533363
20,1,1.0,mixed,6549.300734688953,6565.695811927269,16.395077238315935,0.25033324781496064,2814.7557240804495,2825.650373352432,10.894649271982416,0.38705487580246706,0.5621375718428681,15.832939666473521,0.0,1.3166666666666664,1.3166666666666664,0.0,1.7611040425902484,1.756706422348609
20,1,1.0,led,6355.708472856471,6371.850588187458,16.1421153309866,0.2539782213096345,2713.015043769647,2723.77106284756,10.756019077913152,0.3964599865604877,0.30917566451364564,15.832939666473521,0.0,1.2716666666666665,1.2716666666666665,0.0,1.7527235630103395,1.748283304170953
20,1,1.0,full_led,6291.17771891231,6307.235513607521,16.05779469521076,0.25524306278836156,2679.101483666047,2689.81129267927,10.709809013223094,0.3997537636598944,0.2248550287371529,15.832939666473521,0.0,1.2566666666666664,1.26667970346865,0.010013036801983732,1.7498154545701268,1.7592674601172107
20,2,0.0,incandescent,5222.448568739522,5224.303622726605,1.8550539870830107,0.03552077081595353,2386.8645135190122,2389.1671151611304,2.302601642118134,0.09646972541073781,1.8550539870816465,0.0,0.0,0.8300000000000002,0.8300000000000002,0.0,1.392220508119789,1.3917261562614378
20,2,0.0,fluorescent,4405.059018780157,4405.846011380736,0.786992600578742,0.01786565394977784,1957.2927522067366,1959.0100263627846,1.7172741560480063,0.08773721529964677,0.7869926005801062,0.0,0.0,0.64,0.64,0.0,1.2727184757566576,1.2724911368935987
20,2,0.0,mixed,4232.977008262395,4233.539145834238,0.5621375718428681,0.013279958070776794,1866.8565919304679,1868.450639247343,1.5940473168750486,0.08538670424741548,0.5621375718428681,0.0,0.0,0.6,0.6,0.0,1.2416793168828355,1.2415144442851918
20,2,0.0,led,4039.384746429914,4039.6939220944273,0.30917566451353196,0.007654028618759017,1765.1159116196657,1766.5713287424715,1.455417122805784,0.08245447866765289,0.30917566451364564,0.0,0.0,0.555,0.555,0.0,1.203599138283857,1.2035070215120016
20,2,0.0,full_led,3974.8539924857528,3975.07884751449,0.22485502873723817,0.005656938070236403,1731.2023515160652,1732.6115585741813,1.4092070581161806,0.08140048197613042,0.2248550287371529,0.0,0.0,0.54,0.54,0.0,1.1900814492664553,1.1900141309040428
20,2,0.25,incandescent,5871.805645311088,5877.634984214788,5.829338903700773,0.09927676860959751,2654.6218245767222,2659.294563064411,4.672738487688548,0.17602275564933295,1.8550539870816465,3.974284916618558,0.0,1.0216666666666665,1.0216666666666665,0.0,1.5241989501384186,1.5226872754153566
20,2,0.25,fluorescent,5054.416095351721,5059.1773728689195,4.761277517198323,0.09420034732749878,2225.0500632644466,2229.1374742660646,4.087411001617966,0.18369973193417438,0.7869926005801062,3.974284916618558,0.0,0.8316666666666667,0.8316666666666667,0.0,1.4413930041691654,1.440036484798842
20,2,0.25,mixed,4882.334084833959,4886.870507322421,4.53642248846154,0.09291503632561876,2134.6139029881783,2138.5780871506236,3.9641841624452354,0.18570965723102897,0.5621375718428681,3.974284916618558,0.0,0.7916666666666666,0.7916666666666666,0.0,1.4204271726390572,1.4191086073610275
20,2,0.25,led,4688.741823001478,4693.02528358261,4.2834605811322035,0.09135629008445094,2032.8732226773755,2036.6987766457519,3.8255539683764255,0.18818458159127197,0.30917566451364564,3.974284916618558,0.0,0.7466666666666666,0.7466666666666666,0.0,1.395001099850052,1.3937278417999093
20,2,0.25,full_led,4624.211069057318,4628.410209002674,4.199139945355455,0.09080770498245191,1998.9596625737752,2002.7390064774615,3.7793439036863674,0.1890655411635593,0.2248550287371529,3.974284916618558,0.0,0.7316666666666668,0.7316666666666668,0.0,1.3860526486103084,1.3847951479177758
20,2,0.5,incandescent,6521.1627218826525,6530.966345702971,9.803623820318535,0.15033551896230307,2922.3791356344323,2929.4220109676908,7.0428753332585075,0.24099800218870432,1.8550539870816465,7.948569833237116,0.0,1.2133333333333334,1.2133333333333334,0.0,1.6298933876214452,1.6274467570933335
20,2,0.5,fluorescent,5703.773171923285,5712.508734357103,8.735562433817904,0.15315409940946711,2492.8073743221566,2499.264922169345,6.45754784718838,0.25904720572099216,0.7869926005801062,7.948569833237116,0.0,1.0233333333333334,1.0233333333333334,0.0,1.5716613774417063,1.5692579944928298
20,2,0.5,mixed,5531.691161405525,5540.2018688106045,8.510707405079302,0.15385362553242848,2402.371214045888,2408.7055350539035,6.33432100801565,0.2636695349570009,0.5621375718428681,7.948569833237116,0.0,0.9833333333333333,0.9833333333333333,0.0,1.557209133456269,1.554816991144998
20,2,0.5,led,5338.098899573043,5346.356645070793,8.257745497749966,0.15469450178996205,2300.6305337350855,2306.826224549032,6.195690813946385,0.2693040330942513,0.30917566451364564,7.948569833237116,0.0,0.9383333333333332,0.9383333333333332,0.0,1.5398365887633598,1.5374582254213154
20,2,0.5,full_led,5273.568145628882,5281.741570490856,8.173424861974127,0.1549885132090093,2266.716973631485,2272.8664543807413,6.149480749256327,0.271294600110763,0.2248550287371529,7.948569833237116,0.0,0.9233333333333332,0.9233333333333332,0.0,1.5337622984362598,1.5313888216701044
20,2,0.75,incandescent,7170.5197984542165,7184.297707191154,13.777908736937206,0.19214658245427865,3190.1364466921423,3199.549458870971,9.413012178828922,0.29506613074777066,1.8550539870816465,11.92285474985556,0.0,1.4049999999999998,1.4049999999999998,0.0,1.7164446017781376,1.7131528371493365
20,2,0.75,fluorescent,6353.13024849485,6365.840095845286,12.709847350435666,0.20005645804990094,2760.564685379866,2769.3923700726255,8.827684692759249,0.31977822289444086,0.7869926005801062,11.92285474985556,0.0,1.2149999999999999,1.2149999999999999,0.0,1.6753001408276773,1.671955286301724
20,2,0.75,mixed,6181.048237977088,6193.533230298787,12.484992321698883,0.20198826867244976,2670.128525103598,2678.832982957184,8.704457853586064,0.3259939651499862,0.5621375718428681,11.92285474985556,0.0,1.1749999999999998,1.1749999999999998,0.0,1.665251524289779,1.6618946919743007
20,2,0.75,led,5987.455976144607,5999.688006558977,12.232030414369547,0.20429428563825355,2568.387844792796,2576.9536724523123,8.565827659516344,0.333509897147461,0.30917566451364564,11.92285474985556,0.0,1.13,1.13,0.0,1.6532564146507431,1.6498857922576036
20,2,0.75,full_led,5922.925222200447,5935.07293197904,12.147709778592798,0.20509645695104284,2534.474284689195,2542.9939022840217,8.519617594826741,0.3361493011112366,0.2248550287371529,11.92285474985556,0.0,1.1149999999999998,1.1149999999999998,0.0,1.6490837945057284,1.6457085046709066
20,2,1.0,incandescent,7819.876875025781,7837.629068679336,17.75219365355497,0.2270137233266405,3457.8937577498523,3469.676906774251,11.783149024398881,0.3407608749687701,1.8550539870816465,15.897139666474231,0.0,1.5966666666666665,1.5966666666666665,0.0,1.7886215120175897,1.7845702925510885
20,2,1.0,fluorescent,7002.487325066414,7019.171457333468,16.684132267054338,0.23826008520331166,3028.321996437576,3039.519817975905,11.197821538328753,0.36976984453771833,0.7869926005801062,15.897139666474231,0.0,1.4066666666666667,1.4066666666666667,0.0,1.759717572910156,1.7555348341186112
20,2,1.0,mixed,6830.405314548653,6846.864591786971,16.459277238317554,0.2409707254598722,2937.8858361613084,2948.960430860464,11.074594699155568,0.376957966264129,0.5621375718428681,15.897139666474231,0.0,1.3666666666666667,1.3666666666666667,0.0,1.7527510372627277,1.7485375735867175
20,2,1.0,led,6636.813052716171,6653.019368047159,16.206315330988218,0.2441882150704192,2836.145155850506,2847.0811203555922,10.935964505086304,0.38559255271286763,0.30917566451364564,15.897139666474231,0.0,1.3216666666666665,1.3216666666666665,0.0,1.744481863213201,1.7402324207269513
20,2,1.0,full_led,6572.282298772012,6588.4042934672225,16.12199469521056,0.24530283335855566,2802.231595746905,2813.1213501873017,10.8897544403967,0.3886100797994233,0.2248550287371529,15.897139666474231,0.0,1.3066666666666666,1.31517970346865,0.008513036801983453,1.7416172160070915,1.7486744421269163
20,3,0.0,incandescent,5216.08315614639,5217.938210133473,1.8550539870830107,0.0355641183537709,2383.9718398558944,2386.274441498012,2.302601642117679,0.09658678024723925,1.8550539870816465,0.0,0.0,0.8300000000000002,0.8300000000000002,0.0,1.3939194952121168,1.3934239362742507
20,3,0.0,fluorescent,4398.693606187025,4399.480598787603,0.786992600578742,0.017891507593795347,1954.400078543618,1956.1173526996658,1.7172741560477789,0.0878670736304646,0.7869926005801062,0.0,0.0,0.64,0.64,0.0,1.2745602449132316,1.2743322476623709
20,3,0.0,mixed,4226.611595669263,4227.173733241106,0.5621375718428681,0.013299958113465033,1863.9639182673498,1865.5579655842248,1.5940473168750486,0.08551921532669997,0.5621375718428681,0.0,0.0,0.6,0.6,0.0,1.243549325749611,1.2433839562042464
20,3,0.0,led,4033.0193338367817,4033.3285095012952,0.30917566451353196,0.0076661091584552385,1762.2232379565473,1763.6786550793531,1.455417122805784,0.08258982695594617,0.30917566451364564,0.0,0.0,0.555,0.555,0.0,1.2054988081038442,1.2054064003333917
20,3,0.0,full_led,3968.4885798926207,3968.713434921358,0.22485502873723817,0.005666011737479217,1728.3096778529466,1729.7188849110626,1.4092070581159533,0.08153672204547222,0.2248550287371529,0.0,0.0,0.54,0.54,0.0,1.191990326989424,1.1919227925040992
20,3,0.25,incandescent,5942.063685941829,5947.909074845528,5.845388903699131,0.09837304365364817,2685.507773839374,2690.225498683856,4.717724844482291,0.17567347562496644,1.8550539870816465,3.990334916618508,0.0,1.034166666666667,1.034166666666667,0.0,1.5246049990061803,1.5231066726142377
20,3,0.25,fluorescent,5124.674135982463,5129.451463499661,4.777327517198501,0.09322207403695978,2255.9360125270982,2260.0684098855095,4.132397358411254,0.18317883731915535,0.7869926005801062,3.990334916618508,0.0,0.8441666666666667,0.8441666666666667,0.0,1.44299906760458,1.4416551267949218
20,3,0.25,mixed,4952.592125464701,4957.144597953163,4.552472488461717,0.09192100567002698,2165.4998522508295,2169.5090227700684,4.009170519238978,0.1851383418508124,0.5621375718428681,3.990334916618508,0.0,0.8041666666666667,0.8041666666666667,0.0,1.4223864638033392,1.421080192598925
20,3,0.25,led,4758.99986363222,4763.299374213351,4.2995105811314716,0.09034483514042273,2063.7591719400275,2067.6297122651968,3.8705403251692587,0.18754806170192692,0.30917566451364564,3.990334916618508,0.0,0.7591666666666665,0.7591666666666665,0.0,1.397415463450818,1.396154110321542
20,3,0.25,full_led,4694.469109688059,4698.684299633414,4.2151899453556325,0.08979055665009426,2029.8456118364265,2033.6699420969062,3.8243302604796554,0.18840498204293166,0.2248550287371529,3.990334916618508,0.0,0.7441666666666666,0.7441666666666666,0.0,1.3886341240475586,1.3873883802979905
20,3,0.5,incandescent,6668.044215737266,6677.879939557585,9.83572382031889,0.14750537792034396,2987.043707822854,2994.1765558696993,7.132848046845538,0.23879289171983387,1.8550539870816465,7.980669833237016,0.0,1.2383333333333333,1.2383333333333333,0.0,1.6268338434826335,1.6244377104986818
20,3,0.5,fluorescent,5850.6546657779,5859.422328211716,8.76766243381644,0.1498578011295202,2557.4719465105777,2564.019467071353,6.547520560775411,0.25601534240517737,0.7869926005801062,7.980669833237016,0.0,1.0483333333333333,1.0483333333333333,0.0,1.5696363098844734,1.5672876071390394
20,3,0.5,mixed,5678.572655260139,5687.115462665219,8.542807405079657,0.15043934318893212,2467.0357862343094,2473.460079955912,6.42429372160268,0.2604053722061625,0.5621375718428681,7.980669833237016,0.0,1.0083333333333333,1.0083333333333333,0.0,1.5554965193265375,1.5531599556905231
20,3,0.5,led,5484.980393427657,5493.270238925407,8.28984549775032,0.1511371947233134,2365.2951059235074,2371.5807694510404,6.285663527532961,0.2657454248221083,0.30917566451364564,7.980669833237016,0.0,0.9633333333333333,0.9633333333333333,0.0,1.5385287448085938,1.5362069646970065
20,3,0.5,full_led,5420.449639483497,5428.65516434547,8.205524861973572,0.15138088918312428,2331.3815458199065,2337.62099928275,6.239453462843358,0.26762901482301343,0.2248550287371529,7.980669833237016,0.0,0.9483333333333333,0.9483333333333333,0.0,1.5326034835721847,1.5302869216231783
20,3,0.75,incandescent,7394.024745532704,7407.850804269641,13.82605873693683,0.18698961949363516,3288.579641806334,3298.127613055543,9.547971249208786,0.2903372364114109,1.8550539870816465,11.971004749855183,0.0,1.4425,1.4425,0.0,1.7089880592615754,1.7057983933365466
20,3,0.75,fluorescent,6576.635195573337,6589.393192923772,12.75799735043529,0.19398973747278184,2859.0078804940576,2867.9705242571963,8.962643763138658,0.31348789992106796,0.7869926005801062,11.971004749855183,0.0,1.2525,1.2525,0.0,1.6683151298075751,1.665085035718087
20,3,0.75,mixed,6404.553185055576,6417.086327377275,12.533142321698506,0.19569112722716422,2768.571720217789,2777.411137141755,8.839416923965928,0.3192771514429317,0.5621375718428681,11.971004749855183,0.0,1.2125,1.2125,0.0,1.658429509928073,1.6551904490805112
20,3,0.75,led,6210.960923223094,6223.241103637463,12.28018041436917,0.1977178824045239,2666.831039906987,2675.531826636884,8.700786729897118,0.3262593917536141,0.30917566451364564,11.971004749855183,0.0,1.1675,1.1675,0.0,1.646653412640162,1.643404108836821
20,3,0.75,full_led,6146.430169278934,6158.6260290575265,12.195859778592421,0.1984218390627738,2632.917479803386,2641.5720564685935,8.654576665207514,0.328706719127931,0.2248550287371529,11.971004749855183,0.0,1.1524999999999999,1.1524999999999999,0.0,1.6425631987915996,1.6393104488510413
20,3,1.0,incandescent,8120.0052753281425,8137.821668981697,17.81639365355477,0.219413572398631,3590.1155757898136,3602.0786702413866,11.963094451572942,0.33322310101231495,1.8550539870816465,15.961339666474032,0.0,1.6466666666666667,1.6466666666666667,0.0,1.7764520478611476,1.7725628044888093
20,3,1.0,fluorescent,7302.615725368775,7319.364057635829,16.74833226705414,0.22934702984399968,3160.543814477538,3171.92158144304,11.377766965501905,0.3599939641204669,0.7869926005801062,15.961339666474032,0.0,1.4566666666666666,1.4566666666666666,0.0,1.7473738835348085,1.7433755035982779
20,3,1.0,mixed,7130.533714851013,7147.057192089331,16.523477238317355,0.23172847782632774,3070.1076542012693,3081.3621943275994,11.254540126330085,0.36658454340937785,0.5621375718428681,15.961339666474032,0.0,1.4166666666666665,1.4166666666666665,0.0,1.740402681801119,1.736378997181654
20,3,1.0,led,6936.941453018533,6953.21196834952,16.27051533098711,0.23454883454302725,2968.3669738904673,2979.4828838227277,11.115909932260365,0.37447896537170344,0.30917566451364564,15.961339666474032,0.0,1.3716666666666666,1.3716666666666666,0.0,1.7321466645464418,1.728093441519543
20,3,1.0,full_led,6872.410699074372,6888.596893769583,16.18619469521127,0.23552426366764356,2934.4534137868663,2945.523113654437,11.069699867570762,0.37723208743278314,0.2248550287371529,15.961339666474032,0.0,1.3566666666666665,1.3636797034686499,0.007013036801983397,1.7292912953529798,1.734146210992521
20,4,0.0,incandescent,5215.676586771531,5217.531640758613,1.8550539870821012,0.03556689062713467,2383.787901042394,2386.090502684512,2.302601642118134,0.09659423311575839,1.8550539870816465,0.0,0.0,0.8300000000000002,0.8300000000000002,0.0,1.394028153210431,1.3935325170242472
20,4,0.0,fluorescent,4398.287036812164,4399.0740294127445,0.786992600580561,0.01789316145112179,1954.216139730118,1955.933413886166,1.7172741560480063,0.08787534403871856,0.7869926005801062,0.0,0.0,0.64,0.64,0.0,1.274678062863188,1.274450023462876
20,4,0.0,mixed,4226.205026294403,4226.767163866246,0.5621375718428681,0.013301237596032068,1863.7799794538494,1865.3740267707244,1.5940473168750486,0.08552765532668499,0.5621375718428681,0.0,0.0,0.6,0.6,0.0,1.2436689576815292,1.243503556318988
20,4,0.0,led,4032.6127644619214,4032.9219401264354,0.3091756645139867,0.007666882058169564,1762.0392991430472,1763.494716265853,1.455417122805784,0.0825984484860022,0.30917566451364564,0.0,0.0,0.555,0.555,0.0,1.2056203468990205,1.205527920495178
20,4,0.0,full_led,3968.0820105177613,3968.306865546498,0.22485502873678342,0.005666592276590675,1728.1257390394462,1729.5349460975626,1.409207058116408,0.08154540067782888,0.2248550287371529,0.0,0.0,0.54,0.54,0.0,1.1921124582258245,1.1920449099010264
20,4,0.25,incandescent,6020.824026182531,6026.6854650862315,5.861438903700218,0.09735276896004266,2720.3175408822867,2725.0802520835614,4.762711201274669,0.17507923724705934,1.8550539870816465,4.006384916618572,0.0,1.0466666666666666,1.0466666666666666,0.0,1.5228480287960557,1.5213669359578583
20,4,0.25,fluorescent,5203.434476223166,5208.2278537403645,4.793377517198678,0.09211949413607065,2290.74577957001,2294.923163285215,4.177383715204996,0.18235911433127783,0.7869926005801062,4.006384916618572,0.0,0.8566666666666666,0.8566666666666666,0.0,1.4422013065199495,1.4408739806977924
20,4,0.25,mixed,5031.352465705405,5035.920988193866,4.568522488460985,0.09080108220604398,2200.309619293742,2204.3637761697737,4.054156876031811,0.18425392683294817,0.5621375718428681,4.006384916618572,0.0,0.8166666666666667,0.8166666666666667,0.0,1.4218840855938715,1.420594170713108
20,4,0.25,led,4837.760203872923,4842.075764454055,4.315560581132559,0.08920575636795078,2098.5689389829395,2102.4844656649025,3.9155266819630015,0.18658079843022174,0.30917566451364564,4.006384916618572,0.0,0.7716666666666666,0.7716666666666666,0.0,1.3972995177785716,1.3960541571084168
20,4,0.25,full_led,4773.229449928763,4777.460689874118,4.2312399453549006,0.08864522415569294,2064.655378879339,2068.5246954966124,3.869316617273398,0.18740738318147795,0.2248550287371529,4.006384916618572,0.0,0.7566666666666666,0.7566666666666666,0.0,1.3886615067496753,1.3874316148846537
20,4,0.5,incandescent,6825.971465593533,6835.839289413851,9.867823820317426,0.1445629222163676,3056.8471807221786,3064.0700014826107,7.222820760432114,0.23628334468214163,1.8550539870816465,8.012769833237144,0.0,1.2633333333333332,1.2633333333333332,0.0,1.621278385909238,1.6189380018249286
20,4,0.5,fluorescent,6008.581915634166,6017.381678067983,8.799762433816795,0.1464532323495508,2627.2754194099034,2633.912912684265,6.637493274361532,0.25263789343609583,0.7869926005801062,8.012769833237144,0.0,1.0733333333333333,1.0733333333333333,0.0,1.5648284623590154,1.5625400719169362
20,4,0.5,mixed,5836.499905116405,5845.074812521485,8.574907405080012,0.14691865920468974,2536.839259133634,2543.353525568824,6.514266435189711,0.2567867243356374,0.5621375718428681,8.012769833237144,0.0,1.0333333333333332,1.0333333333333332,0.0,1.5509295206301323,1.548654258557743
20,4,0.5,led,5642.907643283924,5651.229588781674,8.321945497749766,0.14747619532023318,2435.098578822832,2441.4742150639518,6.375636241119537,0.26182251086531483,0.30917566451364564,8.012769833237144,0.0,0.9883333333333332,0.9883333333333332,0.0,1.5342799399356357,1.5320205742811628
20,4,0.5,full_led,5578.376889339763,5586.614514201737,8.237624861973927,0.14767064014114872,2401.1850187192313,2407.514444895661,6.3294261764299335,0.26359593813416293,0.2248550287371529,8.012769833237144,0.0,0.973333333333333,0.973333333333333,0.0,1.528473276212994,1.5262194981101758
20,4,0.75,incandescent,7631.118905004534,7644.9931137414715,13.874208736937362,0.18181093637315193,3393.376820562071,3403.05975088166,9.682930319589104,0.2853479242539662,1.8550539870816465,12.019154749855716,0.0,1.4799999999999998,1.4799999999999998,0.0,1.6989382764692087,1.695855026565878
20,4,0.75,fluorescent,6813.729355045168,6826.535502395603,12.806147350434912,0.18794622860904667,2963.8050592497952,2972.902662083314,9.097602833518977,0.30695685619153984,0.7869926005801062,12.019154749855716,0.0,1.2899999999999998,1.2899999999999998,0.0,1.6584750305106724,1.6553638366100059
20,4,0.75,mixed,6641.647344527406,6654.228636849104,12.581292321698129,0.18943029747077553,2873.368898973527,2882.3432749678727,8.974375994345792,0.3123294053037105,0.5621375718428681,12.019154749855716,0.0,1.2499999999999998,1.2499999999999998,0.0,1.6486873560100408,1.6455701475843814
20,4,0.75,led,6448.055082694925,6460.3834131092935,12.328330414368793,0.1911945579909073,2771.628218662724,2780.4639644630015,8.835745800277437,0.3187926050392348,0.30917566451364564,12.019154749855716,0.0,1.205,1.205,0.0,1.6370517721427824,1.6339277911246508
20,4,0.75,full_led,6383.524328750764,6395.768338529357,12.244009778592954,0.1918064246022709,2737.7146585591236,2746.5041942947114,8.789535735587833,0.32105375584370877,0.2248550287371529,12.019154749855716,0.0,1.19,1.19,0.0,1.6330164127439024,1.629890178667257
20,4,1.0,incandescent,8436.266344415535,8454.146938069089,17.88059365355366,0.21194913630708073,3729.9064604019636,3742.0495002807097,12.143039878746094,0.32555883123775353,1.8550539870816465,16.025539666474288,0.0,1.6966666666666663,1.6966666666666663,0.0,1.7617746279239472,1.7580484593983923
20,4,1.0,fluorescent,7618.876794456169,7635.689326723222,16.81253226705303,0.22066943357433697,3300.3346990896875,3311.8924114823635,11.557712392675967,0.3501981903794141,0.7869926005801062,16.025539666474288,0.0,1.5066666666666666,1.5066666666666666,0.0,1.7323288400730852,1.7285145368354002
20,4,1.0,mixed,7446.794783938407,7463.382461176724,16.587677238317156,0.22274921922239926,3209.898538813419,3221.333024366922,11.434485553503237,0.35622576275355244,0.5621375718428681,16.025539666474288,0.0,1.4666666666666666,1.4666666666666666,0.0,1.7253060373989577,1.7214714731334166
20,4,1.0,led,7253.202522105926,7269.537237436913,16.33471533098691,0.2252069383310728,3108.157858502617,3119.4537138620512,11.295855359434427,0.3634260508530383,0.30917566451364564,16.025539666474288,0.0,1.4216666666666664,1.4216666666666664,0.0,1.7170070685388927,1.7131489382659724
20,4,1.0,full_led,7188.671768161765,7204.922162856976,16.25039469521107,0.22605559440317172,3074.2442983990163,3085.4939436937607,11.249645294744369,0.36593205363031434,0.2248550287371529,16.025539666474288,0.0,1.4066666666666663,1.4121797034686505,0.005513036801984228,1.7141414154663777,1.7169781883500617
30,0,0.0,incandescent,5767.489896834309,5768.390760709129,0.900863874820061,0.015619687089777689,2650.235348290597,2652.0467555990476,1.8114073084507254,0.06834892265772109,1.618358769658471,0.0,-0.7174948948386373,1.254985183646506,1.254985183646506,0.0,1.906144684324052,1.905846996986713
30,0,0.0,fluorescent,4952.289188404342,4952.258269957238,-0.030918447104340885,-0.0006243263656075585,2222.4649864038042,2223.78219380797,1.3172074041658561,0.059267858536536246,0.6865764477338416,0.0,-0.7174948948386373,1.064985183646506,1.064985183646506,0.0,1.8838298519778773,1.8838416132977556
30,0,0.0,mixed,4780.667986629613,4780.440903483156,-0.2270831464566072,-0.004750029642127514,2132.408068111848,2133.621233430901,1.2131653190531324,0.05689179933216704,0.49041174838134793,0.0,-0.7174948948386373,1.024985183646506,1.024985183646506,0.0,1.8781622639043645,1.878251481406485
30,0,0.0,led,4587.594134633042,4587.146366199813,-0.44776843322870263,-0.009760419515936957,2031.0940350333972,2032.190153006699,1.0961179733017161,0.053966874718515565,0.2697264616097357,0.0,-0.7174948948386373,0.979985183646506,0.979985183646506,0.0,1.8712793583755143,1.8714620209198378
30,0,0.0,full_led,4523.236183967519,4522.714853772032,-0.5213301954863709,-0.011525601898353461,1997.3226906739137,1998.379792865298,1.0571021913842742,0.05292595915122753,0.19616469935255054,0.0,-0.7174948948386373,0.9649851836465061,0.9649851836465061,0.0,1.8688544804946885,1.8690699020508008
30,0,0.25,incandescent,6009.565049056623,6013.69571459372,4.130665537097229,0.06873485024919829,2745.9589770491552,2749.568847714123,3.6098706649677297,0.13146120153793941,1.618358769658471,3.229801662278163,-0.7174948948386373,1.254985183646506,1.254985183646506,0.0,1.8293620451731647,1.82810549959562
30,0,0.25,fluorescent,5194.364340626657,5197.563223841831,3.198883215173737,0.06158372816004312,2318.188615162363,2321.3042859230454,3.1156707606824057,0.13440108972600523,0.6865764477338416,3.229801662278163,-0.7174948948386373,1.064985183646506,1.064985183646506,0.0,1.7960369348327023,1.7949315490668662
30,0,0.25,mixed,5022.743138851927,5025.745857367749,3.0027185158214706,0.059782442239477464,2228.1316968704064,2231.1433255459765,3.0116286755701367,0.1351638540845775,0.49041174838134793,3.229801662278163,-0.7174948948386373,1.024985183646506,1.024985183646506,0.0,1.7876427204270169,1.7865746624613656
30,0,0.25,led,4829.6692868553555,4832.451320084405,2.7820332290493752,0.05760297576939857,2126.8176637919555,2129.712245121774,2.8945813298182657,0.13609917667589075,0.2697264616097357,3.229801662278163,-0.7174948948386373,0.979985183646506,0.979985183646506,0.0,1.7774861380483786,1.7764628425876103
30,0,0.25,full_led,4765.311336189833,4768.019807656624,2.7084714667907974,0.05683724054337216,2093.0463194324725,2095.9018849803733,2.8555655479008237,0.13643107280469108,0.19616469935255054,3.229801662278163,-0.7174948948386373,0.9649851836465061,0.9649851836465061,0.0,1.7739177175152454,1.77291004436871
30,0,0.5,incandescent,6251.640201278938,6259.000668478313,7.360467199375307,0.11773657732045312,2841.6826058077136,2847.090939829198,5.408334021484279,0.1903215373325279,1.618358769658471,6.459603324556326,-0.7174948948386373,1.254985183646506,1.254985183646506,0.0,1.7585257396121978,1.7564577463795306
30,0,0.5,fluorescent,5436.439492848971,5442.868177726423,6.428684877451815,0.11825175072596746,2413.9122439209214,2418.8263780381203,4.914134117198955,0.20357550816416256,0.6865764477338416,6.459603324556326,-0.7174948948386373,1.064985183646506,1.064985183646506,0.0,1.7160625481098442,1.7140356709209124
30,0,0.5,mixed,5264.818291074242,5271.05081125234,6.232520178098639,0.11838053724788564,2323.8553256289647,2328.6654176610523,4.810092032087596,0.20698758563146424,0.49041174838134793,6.459603324556326,-0.7174948948386373,1.024985183646506,1.024985183646506,0.0,1.7054473131514918,1.703430782639357
30,0,0.5,led,5071.74443907767,5077.756273968997,6.011834891327453,0.11853584035122923,2222.5412925505143,2227.2343372368496,4.69304468633527,0.21115669265922563,0.2697264616097357,6.459603324556326,-0.7174948948386373,0.979985183646506,0.979985183646506,0.0,1.6926464477584307,1.6906424305460486
30,0,0.5,full_led,5007.386488412146,5013.324761541217,5.938273129071604,0.11859026945121315,2188.7699481910304,2193.4239770954487,4.654028904418283,0.2126321639359465,0.19616469935255054,6.459603324556326,-0.7174948948386373,0.9649851836465061,0.9649851836465061,0.0,1.6881601267059265,1.6861605044203547
30,0,0.75,incandescent,6493.715353501251,6504.3056223629055,10.590268861654295,0.16308489493528974,2937.406234566272,2944.6130319442736,7.206797378001738,0.24534561454915244,1.618358769658471,9.689404986834575,-0.7174948948386373,1.254985183646506,1.254985183646506,0.0,1.6929707586914595,1.6902142745176811
30,0,0.75,fluorescent,5678.5146450712855,5688.173131611015,9.658486539729893,0.17008825623286994,2509.6358726794797,2516.348470153196,6.712597473716414,0.26747296477514604,0.6865764477338416,9.689404986834575,-0.7174948948386373,1.064985183646506,1.064985183646506,0.0,1.6429067796524592,1.6401171330207278
30,0,0.75,mixed,5506.893443296556,5516.355765136934,9.462321840377626,0.17182685551862173,2419.5789543875235,2426.187509776127,6.6085553886036905,0.27312832162885703,0.49041174838134793,9.689404986834575,-0.7174948948386373,1.024985183646506,1.024985183646506,0.0,1.6304782907454316,1.6276814968116018
30,0,0.75,led,5313.8195912999845,5323.06122785359,9.241636553605531,0.17391701759571096,2318.2649213090726,2324.7564293519245,6.4915080428518195,0.28001579902206386,0.2697264616097357,9.689404986834575,-0.7174948948386373,0.979985183646506,0.979985183646506,0.0,1.6155366325944873,1.612731817515647
30,0,0.75,full_led,5249.46164063446,5258.629715425809,9.168074791348772,0.174647905232444,2284.493576949589,2290.9460692105235,6.4524922609343776,0.28244738028767774,0.19616469935255054,9.689404986834575,-0.7174948948386373,0.9649851836465061,0.9649851836465061,0.0,1.6103118352764485,1.607504362580681
30,0,1.0,incandescent,6735.790505723565,6749.610576247497,13.820070523932372,0.20517369879881392,3033.1298633248302,3042.1351240593485,9.005260734518288,0.2968966427519519,1.618358769658471,12.919206649112652,-0.7174948948386373,1.352099488983096,1.352099488983096,0.0,1.7584263515065461,1.754825910278947
30,0,1.0,fluorescent,5920.589797293599,5933.478085495608,12.88828820200888,0.21768588338783973,2605.359501438038,2613.870562268271,8.511060830232964,0.3266751028230558,0.6865764477338416,12.919206649112652,-0.7174948948386373,1.162099488983096,1.162099488983096,0.0,1.7194218603263758,1.7156870518114693
30,0,1.0,mixed,5748.968595518869,5761.660719021525,12.692123502656614,0.2207721835974144,2515.302583146082,2523.709601891202,8.40701874512024,0.33423488694568654,0.49041174838134793,12.919206649112652,-0.7174948948386373,1.1223006904934896,1.1223006904934896,0.0,1.7101074541242378,1.7063403293195956
30,0,1.0,led,5555.894743522298,5568.366181738182,12.471438215883609,0.2244721829985035,2413.988550067631,2422.278521467,8.289971399368824,0.34341386578393546,0.2697264616097357,12.919206649112652,-0.7174948948386373,1.077949581449578,1.084023011444505,0.006073429994926993,1.699607132497939,1.7053550844764394
30,0,1.0,full_led,5491.536792856775,5503.934669310402,12.39787645362685,0.22576333221974645,2380.2172057081475,2388.468161325599,8.250955617451382,0.3466471714289036,0.19616469935255054,12.919206649112652,-0.7174948948386373,1.0633990088878358,1.084023011444505,0.020624002556669296,1.6963148330308193,1.7253187311984648
30,1,0.0,incandescent,5658.614219142635,5659.900876201481,1.2866570588457762,0.022738023993456192,2596.859440476076,2598.8495950630713,1.9901545869952315,0.076636977572817,1.618358769658471,0.0,-0.33170171081337685,1.2049851836465062,1.2049851836465062,0.0,1.8654161248587002,1.8649920625160494
30,1,0.0,fluorescent,4843.413510712669,4843.76838544959,0.3548747369204648,0.007326955176045826,2169.0890785892834,2170.5850332719942,1.495954682710817,0.06896695472201378,0.6865764477338416,0.0,-0.33170171081337685,1.0149851836465063,1.0149851836465063,0.0,1.8357446022474997,1.8356101079176854
30,1,0.0,mixed,4671.79230893794,4671.951018975507,0.15871003756728896,0.003397198057448946,2079.032160297327,2080.4240728949253,1.3919125975980933,0.06695002723762737,0.49041174838134793,0.0,-0.33170171081337685,0.9749851836465061,0.9749851836465061,0.0,1.8281784899562517,1.8281163852219249
30,1,0.0,led,4478.718456941369,4478.6564816921655,-0.061975249203896965,-0.0013837719383285691,1977.7181272188768,1978.992992470723,1.2748652518462222,0.06446142320791556,0.2697264616097357,0.0,-0.33170171081337685,0.9299851836465062,0.9299851836465062,0.0,1.8189735048241817,1.8189986756174137
30,1,0.0,full_led,4414.360506275845,4414.2249692643845,-0.13553701146065578,-0.003070365713628608,1943.9467828593931,1945.1826323293221,1.2358494699290077,0.06357424394669746,0.19616469935255054,0.0,-0.33170171081337685,0.9149851836465062,0.9149851836465062,0.0,1.8157262410598718,1.8157819922075948
30,1,0.25,incandescent,5944.687270075188,5949.4058201274365,4.718550052248247,0.07937423514271032,2711.1847969673227,2715.103293871373,3.9184969040502438,0.14453079363802115,1.618358769658471,3.4318929934026983,-0.33170171081337685,1.2049851836465062,1.2049851836465062,0.0,1.7756476882946084,1.7742393993417802
30,1,0.25,fluorescent,5129.486561645223,5133.273329375546,3.7867677303229357,0.07382352375455632,2283.4144350805304,2286.8387320802954,3.4242969997649197,0.14996388509929662,0.6865764477338416,3.4318929934026983,-0.33170171081337685,1.0149851836465063,1.0149851836465063,0.0,1.733364558399705,1.732085871574854
30,1,0.25,mixed,4957.865359870494,4961.455962901465,3.5906030309706694,0.07242235862299537,2193.3575167885747,2196.6777717032273,3.3202549146526508,0.15137773432915003,0.49041174838134793,3.4318929934026983,-0.33170171081337685,0.9749851836465061,0.9749851836465061,0.0,1.7226910351124365,1.72144432453023
30,1,0.25,led,4764.7915078739225,4768.161425618122,3.3699177441994834,0.07072539771426767,2092.043483710124,2095.2466912790246,3.2032075689007797,0.15311381402168886,0.2697264616097357,3.4318929934026983,-0.33170171081337685,0.9299851836465062,0.9299851836465062,0.0,1.709764256270362,1.7085558733337762
30,1,0.25,full_led,4700.433557208399,4703.72991319034,3.2963559819409056,0.07012876454525656,2058.2721393506404,2061.4363311376237,3.164191786983338,0.1537304871639375,0.19616469935255054,3.4318929934026983,-0.33170171081337685,0.9149851836465062,0.9149851836465062,0.0,1.7052193401290594,1.7040243289196375
30,1,0.5,incandescent,6230.760321007743,6238.910764053393,8.150443045649808,0.13080976679795608,2825.5101534585697,2831.3569926796745,5.846839221104801,0.2069303914533087,1.618358769658471,6.8637859868053965,-0.33170171081337685,1.2049851836465062,1.2049851836465062,0.0,1.694122332575321,1.6919091501615613
30,1,0.5,fluorescent,5415.559612577777,5422.778273301503,7.218660723725407,0.13329482528379671,2397.739791571778,2403.092430888598,5.352639316819932,0.2232368723092819,0.6865764477338416,6.8637859868053965,-0.33170171081337685,1.0149851836465063,1.0149851836465063,0.0,1.6418008192714173,1.6396152969260533
30,1,0.5,mixed,5243.938410803047,5250.96090682742,7.02249602437314,0.13391644741490638,2307.6828732798213,2312.9314705115285,5.248597231707208,0.22744014320510073,0.49041174838134793,6.8637859868053965,-0.33170171081337685,0.9749851836465061,0.9749851836465061,0.0,1.628712913780286,1.626534716272284
30,1,0.5,led,5050.8645588064755,5057.6663695440775,6.801810737601954,0.13466626670363993,2206.368840201371,2211.5003900873267,5.131549885955792,0.2325789683236936,0.2697264616097357,6.8637859868053965,-0.33170171081337685,0.9299851836465062,0.9299851836465062,0.0,1.6129258890023495,1.610756743030833
30,1,0.5,full_led,4986.506608140953,4993.2348571162975,6.728248975344286,0.13492910977716885,2172.597495841887,2177.6900299459257,5.092534104038805,0.234398415435227,0.19616469935255054,6.8637859868053965,-0.33170171081337685,0.9149851836465062,0.9149851836465062,0.0,1.6073918754379453,1.6052259583424417
30,1,0.75,incandescent,6516.833371940295,6528.415707979349,11.582336039053189,0.17772951030056353,2939.8355099498167,2947.610691487976,7.775181538159359,0.26447675428929296,1.618358769658471,10.295678980207867,-0.33170171081337685,1.2590746167373221,1.2590746167373221,0.0,1.692462122801686,1.6894594547859685
30,1,0.75,fluorescent,5701.6326635103305,5712.283217227458,10.650553717127877,0.18679831454751486,2512.065148063025,2519.3461296968994,7.2809816338744895,0.2898404780420853,0.6865764477338416,10.295678980207867,-0.33170171081337685,1.0690746167373222,1.0690746167373222,0.0,1.6425284116520276,1.639465916951581
30,1,0.75,mixed,5530.0114617356,5540.465850753377,10.45438901777652,0.18904823416939898,2422.0082297710687,2429.1851693198305,7.176939548761766,0.2963218481483087,0.49041174838134793,10.295678980207867,-0.33170171081337685,1.0290836085023374,1.0290836085023374,0.0,1.63015438084665,1.6270784178291926
30,1,0.75,led,5336.9376097390295,5347.171313470034,10.233703731004425,0.19175235836239882,2320.694196692618,2327.7540888956282,7.0598922030103495,0.30421467046678924,0.2697264616097357,10.295678980207867,-0.33170171081337685,0.9844040269966506,0.9844040269966506,0.0,1.6157916593880386,1.612699270503555
30,1,0.75,full_led,5272.579659073506,5282.739801042253,10.160141968746757,0.19269774238995735,2286.922852333134,2293.943728754227,7.0208764210929075,0.3070010172809355,0.19616469935255054,10.295678980207867,-0.33170171081337685,0.969746666656861,0.9725172585833788,0.0027705919265177403,1.6111621538605327,1.6126577317909168
30,1,1.0,incandescent,6802.906422872849,6817.920651905305,15.01422903245566,0.22070315390455114,3054.160866441064,3063.864390296278,9.703523855213916,0.3177148905886279,1.618358769658471,13.727571973610793,-0.33170171081337685,1.402099488983096,1.402099488983096,0.0,1.8054623656435804,1.8014864282792056
30,1,1.0,fluorescent,5987.7057144428845,6001.788161153415,14.082446710530348,0.23518935936617963,2626.3905045542715,2635.599828505201,9.209323950929502,0.35064564599057707,0.6865764477338416,13.727571973610793,-0.33170171081337685,1.212099488983096,1.212099488983096,0.0,1.773298827609442,1.7691380032732398
30,1,1.0,mixed,5816.084512668154,5829.970794679333,13.886282011178992,0.23875653768326346,2536.3335862623157,2545.438868128132,9.105281865816323,0.3589938608680564,0.49041174838134793,13.727571973610793,-0.33170171081337685,1.1723006904934894,1.1723006904934894,0.0,1.7656817101531175,1.761476070874179
30,1,1.0,led,5623.0106606715835,5636.67625739599,13.665596724406896,0.2430298917977642,2435.019553183865,2444.00778770393,8.988234520064907,0.36912371025162843,0.2697264616097357,13.727571973610793,-0.33170171081337685,1.1279495814495784,1.1300230114445053,0.0020734299949269897,1.7572149387172227,1.7561770675165524
30,1,1.0,full_led,5558.65271000606,5572.2447449682095,13.592034962149228,0.24452031222750034,2401.248208824381,2410.197427562529,8.94921873814792,0.3726902827146444,0.19616469935255054,13.727571973610793,-0.33170171081337685,1.1133990088878356,1.1300230114445053,0.016624002556669737,1.7546293727435989,1.776483631519014
30,2,0.0,incandescent,5565.211868770907,5566.744878271437,1.53300950053017,0.027546291797669504,2550.749947879901,2552.855092841209,2.1051449613082696,0.08253043239530385,1.618358769658471,0.0,-0.08534926912813035,1.1549851836465062,1.1549851836465062,0.0,1.8180206697104437,1.8175200103449132
30,2,0.0,fluorescent,4750.0111603409405,4750.612387519546,0.6012271786057681,0.01265738454733681,2122.9795859931087,2124.590531050132,1.6109450570234003,0.07588132583337188,0.6865764477338416,0.0,-0.08534926912813035,0.9649851836465061,0.9649851836465061,0.0,1.7796316520941908,1.77940642578022
30,2,0.0,mixed,4578.389958566211,4578.795021045465,0.4050624792535018,0.008847269081910029,2032.9226677011525,2034.4295706730632,1.5069029719106766,0.07412495299758236,0.49041174838134793,0.0,-0.08534926912813035,0.9249851836465062,0.9249851836465062,0.0,1.7698077887801689,1.7696512229746606
30,2,0.0,led,4385.31610656964,4385.500483762122,0.18437719248140638,0.004204421939052261,1931.6086346227016,1932.9984902488604,1.3898556261588055,0.07195327258569043,0.2697264616097357,0.0,-0.08534926912813035,0.8799851836465061,0.8799851836465061,0.0,1.7578368403579934,1.757762936587451
30,2,0.0,full_led,4320.958155904116,4321.068971334341,0.11081543022464757,0.0025646031788859242,1897.8372902632182,1899.1881301074595,1.3508398442413636,0.07117785340038348,0.19616469935255054,0.0,-0.08534926912813035,0.8649851836465061,0.8649851836465061,0.0,1.7536087912330007,1.753563819279548
30,2,0.25,incandescent,5899.432422596508,5904.568536689458,5.136114092949356,0.08706115648136886,2685.4448511581263,2689.5943355824406,4.149484424314323,0.1545175810452713,1.618358769658471,3.6031045924189016,-0.08534926912813035,1.1549851836465062,1.1549851836465062,0.0,1.7150243420010765,1.7135325207718084
30,2,0.25,fluorescent,5084.231714166543,5088.436045937567,4.204331771024044,0.08269355150177808,2257.674489271334,2261.3297737913636,3.655284520029454,0.16190485109344527,0.6865764477338416,3.6031045924189016,-0.08534926912813035,0.9649851836465061,0.9649851836465061,0.0,1.6626445614564473,1.6612707976338221
30,2,0.25,mixed,4912.610512391812,4916.618679463485,4.008167071672688,0.08158935176241407,2167.617570979378,2171.168813414294,3.5512424349162757,0.1638315947638192,0.49041174838134793,3.6031045924189016,-0.08534926912813035,0.9249851836465062,0.9249851836465062,0.0,1.6494021230269145,1.6480574836093655
30,2,0.25,led,4719.5366603952425,4723.324142180143,3.787481784900592,0.08025113602112385,2066.303537900927,2069.737732990092,3.4341950891648594,0.1661999326901176,0.2697264616097357,3.6031045924189016,-0.08534926912813035,0.8799851836465061,0.8799851836465061,0.0,1.6333531792287896,1.6320434458231583
30,2,0.25,full_led,4655.178709729718,4658.892629752361,3.713920022642924,0.07978039629027595,2032.5321935414436,2035.927372848691,3.3951793072474175,0.16704184652208262,0.19616469935255054,3.6031045924189016,-0.08534926912813035,0.8649851836465061,0.8649851836465061,0.0,1.6277076952827303,1.6264101388286676
30,2,0.5,incandescent,6233.652976422109,6242.392195107477,8.739218685368542,0.1401941801769103,2820.1397544363517,2826.3335783236716,6.1938238873199225,0.21962826053483486,1.618358769658471,7.206209184837803,-0.08534926912813035,1.1549851836465062,1.1549851836465062,0.0,1.623072417892369,1.6208001504091967
30,2,0.5,fluorescent,5418.452267992144,5426.259704355587,7.80743636344323,0.1440897875868222,2392.3693925495595,2398.0690165325946,5.699623983035053,0.2382418033262387,0.6865764477338416,7.206209184837803,-0.08534926912813035,0.9649851836465061,0.9649851836465061,0.0,1.5600894481766523,1.5578447529811494
30,2,0.5,mixed,5246.8310662174135,5254.442337881505,7.611271664091873,0.14506416478888182,2302.312474257603,2307.9080561555256,5.595581897922784,0.24304180950620613,0.49041174838134793,7.206209184837803,-0.08534926912813035,0.9249851836465062,0.9249851836465062,0.0,1.544336020443856,1.5420989874275266
30,2,0.5,led,5053.757214220843,5061.147800598163,7.390586377319778,0.1462394425383811,2200.9984411791525,2206.476975731323,5.4785345521704585,0.2489113326784282,0.2697264616097357,7.206209184837803,-0.08534926912813035,0.8799851836465061,0.8799851836465061,0.0,1.5253344951063046,1.5231071117568091
30,2,0.5,full_led,4989.399263555319,4996.716288170382,7.317024615063019,0.14665141490098138,2167.227096819669,2172.6666155899225,5.439518770253471,0.25098979143606026,0.19616469935255054,7.206209184837803,-0.08534926912813035,0.8649851836465061,0.8649851836465061,0.0,1.5186738540030216,1.5164499586823488
30,2,0.75,incandescent,6567.873530247711,6580.215853525498,12.342323277786818,0.18791962453213257,2954.834657714577,2963.0728210649027,8.238163350325522,0.2788028537846292,1.618358769658471,10.809313777256875,-0.08534926912813035,1.2965746167373222,1.2965746167373222,0.0,1.7293258754619427,1.7260822282195567
30,2,0.75,fluorescent,5752.672821817745,5764.083362773607,11.410540955862416,0.19835198888048153,2527.064295827785,2534.8082592738256,7.743963446040652,0.3064410928849746,0.6865764477338416,10.809313777256875,-0.08534926912813035,1.1065746167373218,1.1065746167373218,0.0,1.685059092158822,1.6817233604259498
30,2,0.75,mixed,5581.051620043016,5592.265996299524,11.21437625650833,0.20093661589214787,2437.0073775358283,2444.6472988967566,7.639921360928383,0.31349602924277825,0.49041174838134793,10.809313777256875,-0.08534926912813035,1.0665836085023375,1.0665836085023375,0.0,1.6741060729354915,1.6707489265823627
30,2,0.75,led,5387.977768046444,5398.971459016183,10.993690969738964,0.2040411345966823,2335.693344457378,2343.2162184725544,7.522874015176512,0.3220831207584832,0.2697264616097357,10.809313777256875,-0.08534926912813035,1.0219040269966508,1.0219040269966508,0.0,1.6614543826776786,1.658071235316717
30,2,0.75,full_led,5323.619817380921,5334.539946588402,10.920129207481295,0.205126015419593,2301.922000097894,2309.405858331153,7.48385823325907,0.325113458794034,0.19616469935255054,10.809313777256875,-0.08534926912813035,1.0072466666568611,1.0072466666568611,0.0,1.6574212852515493,1.6540284426133098
30,2,1.0,incandescent,6902.094084073311,6918.039511943518,15.945427870206913,0.231023044252631,3089.5295609928025,3099.812063806134,10.282502813331575,0.3328177513869572,1.618358769658471,14.412418369675606,-0.08534926912813035,1.452099488983096,1.452099488983096,0.0,1.8429756778952668,1.8387277929724226
30,2,1.0,fluorescent,6086.893375643346,6101.907021191628,15.013645548281602,0.24665530709571126,2661.7591991060103,2671.5475020150566,9.788302909046251,0.36773810765202924,0.6865764477338416,14.412418369675606,-0.08534926912813035,1.2620994889830959,1.2620994889830959,0.0,1.8163603074981367,1.8118911817395769
30,2,1.0,mixed,5915.272173868616,5930.089654717544,14.817480848928426,0.25049533501410676,2571.7022808140537,2581.3865416379876,9.684260823933982,0.37657006007975774,0.49041174838134793,14.412418369675606,-0.08534926912813035,1.2223006904934897,1.2223006904934897,0.0,1.8101202673351053,1.8055973302536807
30,2,1.0,led,5722.198321872046,5736.795117434203,14.59679556215724,0.25509069663600586,2470.3882477356033,2479.9554612137854,9.567213478182111,0.38727570400934225,0.2697264616097357,14.412418369675606,-0.08534926912813035,1.1779495814495782,1.1779495814495782,0.0,1.8032996679014868,1.7987113226580473
30,2,1.0,full_led,5657.840371206522,5672.363605006422,14.523233799900481,0.2566921801790501,2436.6169033761194,2446.1451010723845,9.528197696265124,0.39104209131370127,0.19616469935255054,14.412418369675606,-0.08534926912813035,1.1633990088878357,1.1760230114445052,0.012624002556669511,1.8012836434415262,1.8161673506193017
30,3,0.0,incandescent,5485.488265942692,5487.094859978685,1.606594035993112,0.029288077161113306,2511.4630062868655,2513.6020395394225,2.1390332525570557,0.08517080471432316,1.618358769658471,0.0,-0.011764733664222149,1.104985183646506,1.104985183646506,0.0,1.7645959191710936,1.7640792542779176
30,3,0.0,fluorescent,4670.2875575127255,4670.962369226796,0.674811714070529,0.014449039930849917,2083.692644400073,2085.3374777483455,1.6448333482726412,0.078938386267914,0.6865764477338416,0.0,-0.011764733664222149,0.9149851836465062,0.9149851836465062,0.0,1.716226273016071,1.7159783306218748
30,3,0.0,mixed,4498.666355737996,4499.1450027527135,0.47864701471735316,0.010639753581788623,1993.6357261081166,1995.1765173712768,1.5407912631601448,0.07728549619082149,0.49041174838134793,0.0,-0.011764733664222149,0.8749851836465061,0.8749851836465061,0.0,1.70380944098398,1.7036281791437693
30,3,0.0,led,4305.592503741426,4305.850465469372,0.25796172794525773,0.0059913177506022,1892.321693029666,1893.7454369470743,1.4237439174082738,0.07523794303329132,0.2697264616097357,0.0,-0.011764733664222149,0.8299851836465063,0.8299851836465063,0.0,1.688657299181334,1.6885561324180436
30,3,0.0,full_led,4241.234553075901,4241.41895304159,0.18439996568849892,0.004347789856488017,1858.5503486701823,1859.9350768056734,1.3847281354910592,0.07450581774563443,0.19616469935255054,0.0,-0.011764733664222149,0.8149851836465062,0.8149851836465062,0.0,1.6833000201711856,1.6832268370055048
30,3,0.25,incandescent,5872.678494531159,5878.030162007863,5.351667476703369,0.09112822167409686,2668.4731206725896,2672.7593710913166,4.286250418726922,0.16062557968155855,1.618358769658471,3.74507344070787,-0.011764733664222149,1.104985183646506,1.104985183646506,0.0,1.6482547474303992,1.6467540897130981
30,3,0.25,fluorescent,5057.4777861011935,5061.897671255971,4.419885154777148,0.08739307104667354,2240.702758785797,2244.494809300239,3.792050514442053,0.16923487506646834,0.6865764477338416,3.74507344070787,-0.011764733664222149,0.9149851836465062,0.9149851836465062,0.0,1.5848354748627302,1.5834516478391443
30,3,0.25,mixed,4885.856584326464,4890.080304781889,4.223720455424882,0.08644790084453818,2150.645840493841,2154.33384892317,3.6880084293288746,0.1714837636159572,0.49041174838134793,3.74507344070787,-0.011764733664222149,0.8749851836465061,0.8749851836465061,0.0,1.5687873920269864,1.5674323796376322
30,3,0.25,led,4692.7827323298925,4696.785767498546,4.003035168653696,0.08530194975948209,2049.3318074153904,2052.902768498968,3.5709610835774583,0.17425001996534378,0.2697264616097357,3.74507344070787,-0.011764733664222149,0.8299851836465063,0.8299851836465063,0.0,1.5493302425134057,1.5480097600056537
30,3,0.25,full_led,4628.424781664369,4632.354255070766,3.929473406396937,0.08489872022904321,2015.5604630559067,2019.092408357567,3.531945301660244,0.17523390473264489,0.19616469935255054,3.74507344070787,-0.011764733664222149,0.8149851836465062,0.8149851836465062,0.0,1.542483792115583,1.5411753539635822
30,3,0.5,incandescent,6259.868723119627,6268.965464037037,9.096740917409988,0.14531839755381637,2825.4832350583138,2831.91670264321,6.433467584896334,0.22769441719103165,1.618358769658471,7.49014688141574,-0.011764733664222149,1.166049744491548,1.166049744491548,0.0,1.6317587817808872,1.6293909769233357
30,3,0.5,fluorescent,5444.668014689661,5452.832973285146,8.164958595485587,0.14996246921679354,2397.712873171521,2403.6521408521326,5.939267680611465,0.2477055425220882,0.6865764477338416,7.49014688141574,-0.011764733664222149,0.9760497444915481,0.9760497444915481,0.0,1.57037963355665,1.5680281797802362
30,3,0.5,mixed,5273.046812914931,5281.015606811065,7.96879389613332,0.15112313959769655,2307.6559548795653,2313.491180475063,5.835225595497832,0.25286375913875636,0.49041174838134793,7.49014688141574,-0.011764733664222149,0.9360497444915481,0.9360497444915481,0.0,1.5550394397528833,1.5526929614013012
30,3,0.5,led,5079.9729609183605,5087.721069527722,7.748108609361225,0.15252263484411377,2206.341921801115,2212.060100050861,5.718178249745961,0.2591700857081123,0.2697264616097357,7.49014688141574,-0.011764733664222149,0.8911219633731889,0.8911219633731889,0.0,1.536667312838988,1.5343271166934793
30,3,0.5,full_led,5015.615010252837,5023.289557099942,7.674546847104466,0.15301307678951204,2172.570577441631,2178.2497399094605,5.679162467829428,0.26140289879636863,0.19616469935255054,7.49014688141574,-0.011764733664222149,0.8762247800896622,0.8762247800896622,0.0,1.5303664770710754,1.5280283938114871
30,3,0.75,incandescent,6647.058951708094,6659.900766066213,12.841814358118427,0.1931954335205417,2982.493349444038,2991.0740341951027,8.580684751064837,0.2877017228777509,1.618358769658471,11.235220322123723,-0.011764733664222149,1.334074616737322,1.334074616737322,0.0,1.7581450273757335,1.7547549209988866
30,3,0.75,fluorescent,5831.8582432781295,5843.768275314322,11.910032036192206,0.2042236203172437,2554.7229875572457,2562.809472404026,8.086484846780422,0.31653078968504883,0.6865764477338416,11.235220322123723,-0.011764733664222149,1.144074616737322,1.144074616737322,0.0,1.7185077593699276,1.7150053134302072
30,3,0.75,mixed,5660.237041503399,5671.95090884024,11.713867336840849,0.20695011977324473,2464.66606926529,2472.6485120269567,7.982442761666789,0.32387522436442406,0.49041174838134793,11.235220322123723,-0.011764733664222149,1.1040836085023376,1.1040836085023376,0.0,1.7087221506030048,1.705193251127431
30,3,0.75,led,5467.1631895068285,5478.656371556898,11.493182050069663,0.21022204115159068,2363.352036186839,2371.217431602755,7.8653954159158275,0.33280676325336134,0.2697264616097357,11.235220322123723,-0.011764733664222149,1.0594040269966507,1.0594040269966507,0.0,1.6974761781946748,1.6939151950961668
30,3,0.75,full_led,5402.805238841305,5414.224859129117,11.419620287811995,0.2113646482333882,2329.5806918273556,2337.407071461354,7.8263796339983855,0.3359565805749903,0.19616469935255054,11.235220322123723,-0.011764733664222149,1.0447466666568614,1.0447466666568614,0.0,1.6939312811277378,1.6903584609129458
30,3,1.0,incandescent,7034.249180296562,7050.836068095388,16.586887798825956,0.23580182296195903,3139.503463829762,3150.231365746996,10.727901917233794,0.34170696228973835,1.618358769658471,14.98029376283148,-0.011764733664222149,1.5020994889830963,1.5020994889830963,0.0,1.8706177711687446,1.8662171969977943
30,3,1.0,fluorescent,6219.048471866597,6234.703577343498,15.655105476901554,0.2517283077583539,2711.73310194297,2721.966803955919,10.23370201294938,0.3773860342530348,0.6865764477338416,14.98029376283148,-0.011764733664222149,1.3120994889830961,1.3120994889830961,0.0,1.848191339155473,1.8435506004263504
30,3,1.0,mixed,6047.427270091867,6062.886210869416,15.458940777548378,0.25562838686795053,2621.6761836510145,2631.8058435788507,10.129659927836201,0.3863810485446518,0.49041174838134793,14.98029376283148,-0.011764733664222149,1.2723006904934895,1.2723006904934895,0.0,1.8429910027762364,1.838291807083862
30,3,1.0,led,5854.3534180952975,5869.591673586074,15.238255490776282,0.26028929930461936,2520.3621505725637,2530.3747631546485,10.012612582084785,0.3972688043982159,0.2697264616097357,14.98029376283148,-0.011764733664222149,1.227949581449578,1.227949581449578,0.0,1.837408431860272,1.8326382705470767
30,3,1.0,full_led,5789.995467429773,5805.160161158292,15.164693728518614,0.26191201381458673,2486.5908062130798,2496.5644030132476,9.973596800167797,0.4010952174055913,0.19616469935255054,14.98029376283148,-0.011764733664222149,1.2133990088878357,1.222023011444505,0.008624002556669286,1.8358175542019737,1.8440355275431253
30,4,0.0,incandescent,5417.67714575157,5419.2955045212275,1.6183587696577888,0.029871820083019755,2478.247910409746,2480.3922378308685,2.144327421122398,0.08652594488692059,1.618358769658471,0.0,0.0,1.0549851836465063,1.0549851836465063,0.0,1.7058362763441008,1.7053268641714083
30,4,0.0,fluorescent,4602.476437321602,4603.163013769336,0.6865764477342964,0.014917544002329483,2050.477548522954,2052.127676039792,1.6501275168379834,0.08047527845533546,0.6865764477338416,0.0,0.0,0.8649851836465061,0.8649851836465061,0.0,1.6463463337474389,1.6461007759398654
30,4,0.0,mixed,4430.855235546874,4431.345647295255,0.49041174838112056,0.011068105869195521,1960.4206302309979,1961.9667156627227,1.546085431724805,0.07886498478352723,0.49041174838134793,0.0,0.0,0.8249851836465061,0.8249851836465061,0.0,1.6310327971821954,1.6308522927238667
30,4,0.0,led,4237.781383550302,4238.051110011912,0.26972646160993463,0.006364803589371684,1859.1065971525472,1860.5356352385204,1.4290380859731613,0.07686692565998694,0.2697264616097357,0.0,0.0,0.7799851836465063,0.7799851836465063,0.0,1.6123224844173445,1.6122198697892036
30,4,0.0,full_led,4173.423432884779,4173.619597584132,0.19616469935317582,0.004700330616047308,1825.3352527930635,1826.7252750971197,1.390022304056174,0.07615161663750322,0.19616469935255054,0.0,0.0,0.7649851836465061,0.7649851836465061,0.0,1.6057010069815276,1.6056255372728203
30,4,0.25,incandescent,5862.5109549171175,5867.986885423491,5.4759305063735155,0.09340588953237927,2659.531830913716,2663.9130486774375,4.381217763721452,0.1647364289005794,1.618358769658471,3.857571736714192,0.0,1.0549851836465063,1.0549851836465063,0.0,1.5764013542681816,1.5749302766337772
30,4,0.25,fluorescent,5047.310246487153,5051.8543946716,4.544148184447295,0.09003108512320893,2231.761469026924,2235.6484868863604,3.8870178594365825,0.17416815880110034,0.6865764477338416,3.857571736714192,0.0,0.8649851836465061,0.8649851836465061,0.0,1.501249148299741,1.4998987731585167
30,4,0.25,mixed,4875.689044712423,4880.037028197518,4.347983485095028,0.08917680035010273,2141.7045507349676,2145.487526509291,3.782975774323404,0.17663387664863495,0.49041174838134793,3.857571736714192,0.0,0.8249851836465061,0.8249851836465061,0.0,1.4822254131609918,1.4809047896533476
30,4,0.25,led,4682.6151927158535,4686.742490914176,4.127298198322933,0.08814087915537548,2040.3905176565167,2044.0564460850887,3.6659284285719878,0.17966798006797624,0.2697264616097357,3.857571736714192,0.0,0.7799851836465063,0.7799851836465063,0.0,1.4591568872394443,1.457871906124427
30,4,0.25,full_led,4618.257242050328,4622.3109784863955,4.053736436067084,0.08777632391623513,2006.6191732970333,2010.246085943688,3.626912646654773,0.18074743304159055,0.19616469935255054,3.857571736714192,0.0,0.7649851836465061,0.7649851836465061,0.0,1.4510387484973202,1.4497661970241922
30,4,0.5,incandescent,6307.344764082667,6316.6782663257545,9.333502243087423,0.14797831087714255,2840.8157514176855,2847.433859524005,6.618108106319596,0.23296505952619012,1.618358769658471,7.715143473428384,0.0,1.191049744491548,1.191049744491548,0.0,1.654197788768474,1.6517535517627224
30,4,0.5,fluorescent,5492.144055652701,5500.5457755738635,8.401719921162112,0.1529770493276624,2413.0453895308933,2419.169297732928,6.123908202034727,0.25378338213626567,0.6865764477338416,7.715143473428384,0.0,1.001049744491548,1.001049744491548,0.0,1.5966798526925758,1.5942410298060077
30,4,0.5,mixed,5320.522853877973,5328.728409099782,8.205555221808936,0.15422460249048922,2322.9884712389367,2329.008337355859,6.019866116922458,0.2591431766216144,0.49041174838134793,7.715143473428384,0.0,0.9610497444915481,0.9610497444915481,0.0,1.5823248941802306,1.5798883177024603
30,4,0.5,led,5127.449001881401,5135.43387181644,7.98486993503866,0.15572792498002014,2221.6744381604863,2227.577256931657,5.902818771170587,0.26569233861546493,0.2697264616097357,7.715143473428384,0.0,0.9161219633731887,0.9161219633731887,0.0,1.565150310847452,1.5627167245190428
30,4,0.5,full_led,5063.091051215878,5071.002359388659,7.911308172780991,0.15625451118207973,2187.903093801003,2193.766896790256,5.863802989253145,0.2680101785982701,0.19616469935255054,7.715143473428384,0.0,0.9012247800896622,0.9012247800896622,0.0,1.5592706103299403,1.5568379807532173
30,4,0.75,incandescent,6752.178573248217,6765.369647228018,13.191073979801331,0.19536026538254905,3022.099671921655,3030.9546703705737,8.85499844891865,0.2930081536089127,1.618358769658471,11.572715210142633,0.0,1.3715746167373222,1.3715746167373222,0.0,1.7794247459955705,1.7759552351351353
30,4,0.75,fluorescent,5936.977864818251,5949.237156476127,12.25929165787602,0.20649043902492828,2594.3293100348624,2602.6901085794966,8.360798544634235,0.322272061310593,0.6865764477338416,11.572715210142633,0.0,1.181574616737322,1.181574616737322,0.0,1.7434111897157636,1.7398186305872265
30,4,0.75,mixed,5765.356663043522,5777.419790002045,12.063126958523753,0.2092347041744968,2504.2723917429066,2512.5291482024277,8.256756459521057,0.3297068037305069,0.49041174838134793,11.572715210142633,0.0,1.1415836085023376,1.1415836085023376,0.0,1.734545318693493,1.7309236257656357
30,4,0.75,led,5572.282811046951,5584.125252718703,11.842441671752567,0.21252406012622221,2402.958358664456,2411.098067778225,8.139709113769186,0.33873700242950394,0.2697264616097357,11.572715210142633,0.0,1.0969040269966506,1.0969040269966506,0.0,1.7244062446796897,1.7207492385333678
30,4,0.75,full_led,5507.9248603814285,5519.6937402909225,11.76887990949399,0.2136717585627881,2369.187014304972,2377.287707636824,8.100693331852199,0.341918695440285,0.19616469935255054,11.572715210142633,0.0,1.0822466666568613,1.0822466666568613,0.0,1.721243669845121,1.7175736999158986
30,4,1.0,incandescent,7197.012382413766,7214.061028130282,17.04864571651524,0.23688504077295178,3203.383592425625,3214.475481217142,11.091888791516794,0.34625540374694674,1.618358769658471,15.430286946856768,0.0,1.5520994889830961,1.5520994889830961,0.0,1.8891716174777378,1.884707028464908
30,4,1.0,fluorescent,6381.8116739838,6397.9285373783905,16.116863394590837,0.252543701035446,2775.613230538833,2786.2109194260647,10.597688887231925,0.3818143237908757,0.6865764477338416,15.430286946856768,0.0,1.3620994889830962,1.3620994889830962,0.0,1.8696871880651194,1.8649773053547054
30,4,1.0,mixed,6210.190472209072,6226.11117090431,15.920698695237661,0.2563640965037002,2685.5563122468766,2696.049959048996,10.493646802119201,0.39074387508708275,0.49041174838134793,15.430286946856768,0.0,1.3223006904934895,1.3223006904934895,0.0,1.8652171943129738,1.860447674441468
30,4,1.0,led,6017.1166202125,6032.816633620966,15.700013408466475,0.2609225381427295,2584.2422791684257,2594.6188786247935,10.376599456367785,0.4015335380901993,0.2697264616097357,15.430286946856768,0.0,1.2779495814495783,1.2779495814495783,0.0,1.860498813649876,1.8556569863418897
30,4,1.0,full_led,5952.758669546976,5968.385121193185,15.626451646208807,0.2625077298387779,2550.4709348089423,2560.8085184833926,10.337583674450343,0.40532058347980116,0.19616469935255054,15.430286946856768,0.0,1.2633990088878355,1.268023011444505,0.004624002556669504,1.8592010750369796,1.861120111168899
40,0,0.0,incandescent,6922.941778798251,6920.2653808516325,-2.6763979466186356,-0.03865983612364323,3178.595394120702,3178.755366251601,0.15997213089895013,0.005032793138593324,1.6010162534221308,0.0,-4.277414200041676,1.6633135781953419,1.6633135781953419,0.0,2.10468719953911,2.1055011828459795
40,0,0.0,fluorescent,6108.638802909626,6105.040607726188,-3.5981951834382926,-0.058903387473563246,2753.3701145159475,2753.0555231503326,-0.31459136561488776,-0.011425683890311058,0.6792190166032697,0.0,-4.277414200041676,1.4733135781953415,1.4733135781953415,0.0,2.1127827919443827,2.114028026063875
40,0,0.0,mixed,5937.206597459389,5933.414339699778,-3.7922577596109477,-0.06387276065538475,2663.8490030202097,2663.434503550066,-0.4144994701437099,-0.01556017137884918,0.4851564404308988,0.0,-4.277414200041676,1.4333135781953414,1.4333135781953414,0.0,2.1147700924478525,2.1161217178078444
40,0,0.0,led,5744.345366327872,5740.334788170067,-4.010578157804957,-0.06981784523810339,2563.1377525875046,2562.6108564997653,-0.5268960877392601,-0.020556682418155444,0.26683604223700286,0.0,-4.277414200041676,1.3883135781953415,1.3883135781953415,0.0,2.1171475893980984,2.1186267689568217
40,0,0.0,full_led,5680.058289284034,5675.974937660164,-4.08335162386993,-0.07188925563622399,2529.5673357766027,2529.002974149665,-0.5643616269376253,-0.022310599087664158,0.19406257617237088,0.0,-4.277414200041676,1.3733135781953418,1.3733135781953418,0.0,2.117975966494455,2.119499659022539
40,0,0.25,incandescent,7042.542905860541,7041.954458283599,-0.588447576942599,-0.00835561223848441,3223.949267776081,3225.2479117806215,1.2986440045406198,0.040281155088908706,1.6010162534221308,2.0879503696777277,-4.277414200041676,1.6633135781953419,1.6633135781953419,0.0,2.0689440078336,2.069116895218125
40,0,0.25,fluorescent,6228.239929971915,6226.729685158155,-1.510244813760437,-0.02424834031349282,2798.7239881713253,2799.548068679353,0.8240805080276914,0.02944486528541681,0.6792190166032697,2.0879503696777277,-4.277414200041676,1.4733135781953415,1.4733135781953415,0.0,2.0722109440394325,2.0727135426729837
40,0,0.25,mixed,6056.807724521678,6055.103417131745,-1.704307389933092,-0.028138707177924913,2709.202876675588,2709.9270490790864,0.7241724034984145,0.026730091339155555,0.4851564404308988,2.0879503696777277,-4.277414200041676,1.4333135781953414,1.4333135781953414,0.0,2.0730106544669544,2.0735941370492377
40,0,0.25,led,5863.946493390162,5862.023865602036,-1.9226277881261922,-0.0327872669079327,2608.491626242883,2609.1034020287857,0.6117757859028643,0.02345323940272831,0.26683604223700286,2.0879503696777277,-4.277414200041676,1.3883135781953415,1.3883135781953415,0.0,2.0739662203090994,2.0746464401748352
40,0,0.25,full_led,5799.659416346323,5797.664015092131,-1.9954012541920747,-0.03440549023565146,2574.9212094319814,2575.495519678686,0.5743102467044991,0.022303993015428614,0.19406257617237088,2.0879503696777277,-4.277414200041676,1.3733135781953418,1.3733135781953418,0.0,2.07429886504784,2.0750127833684098
40,0,0.5,incandescent,7162.144032922831,7163.643535715567,1.4995027927361662,0.02093650708284105,3269.303141431459,3271.740457309642,2.437315878182744,0.07455154119221778,1.6010162534221308,4.1759007393554555,-4.277414200041676,1.6633135781953419,1.6633135781953419,0.0,2.034394572074112,2.0339687300668783
40,0,0.5,fluorescent,6347.841057034205,6348.418762590122,0.5777055559174187,0.009100819486922226,2844.077861826704,2846.040614208374,1.9627523816698158,0.06901190744507861,0.6792190166032697,4.1759007393554555,-4.277414200041676,1.4733135781953415,1.4733135781953415,0.0,2.0331679430897958,2.0329829249835933
40,0,0.5,mixed,6176.408851583968,6176.792494563713,0.3836429797456731,0.0062114246152484886,2754.556750330966,2756.4195946081068,1.862844277140539,0.06762773273473904,0.4851564404308988,4.1759007393554555,-4.277414200041676,1.4333135781953414,1.4333135781953414,0.0,2.0328684914974815,2.0327422292462893
40,0,0.5,led,5983.547620452452,5983.712943034002,0.16532258154984447,0.0027629525498343646,2653.845499898261,2655.595947557806,1.7504476595449887,0.06595891356946343,0.26683604223700286,4.1759007393554555,-4.277414200041676,1.3883135781953415,1.3883135781953415,0.0,2.0325110981688117,2.032454942403156
40,0,0.5,full_led,5919.260543408613,5919.353092524098,0.09254911548578093,0.0015635249505757762,2620.2750830873597,2621.9880652077063,1.7129821203466236,0.06537413309782303,0.19406257617237088,4.1759007393554555,-4.277414200041676,1.3733135781953418,1.3733135781953418,0.0,2.0323867916892833,2.032355015311535
40,0,0.75,incandescent,7281.74515998512,7285.332613147534,3.587453162414022,0.0492663926516944,3314.6570150868374,3318.2330028386627,3.5759877518253234,0.10788409586720513,1.6010162534221308,6.263851109033226,-4.277414200041676,1.6633135781953419,1.6633135781953419,0.0,2.0009800706924175,1.9999947454281217
40,0,0.75,fluorescent,6467.442184096494,6470.1078400220895,2.6656559255952743,0.04121654047639033,2889.4317354820823,2892.533159737394,3.1014242553114855,0.10733682395836334,0.6792190166032697,6.263851109033226,-4.277414200041676,1.4733135781953415,1.4733135781953415,0.0,1.9955689711038678,1.9947468054793858
40,0,0.75,mixed,6296.009978646257,6298.48157199568,2.471593349422619,0.039256503052017895,2799.910623986345,2802.912140137127,3.0015161507822086,0.10720042722323864,0.4851564404308988,6.263851109033226,-4.277414200041676,1.4333135781953414,1.4333135781953414,0.0,1.9942514366362067,1.9934688704682304
40,0,0.75,led,6103.148747514741,6105.40202046597,2.2532729512286096,0.03691984325543701,2699.1993735536394,2702.0884930868265,2.889119533187113,0.10703616640898349,0.26683604223700286,6.263851109033226,-4.277414200041676,1.3883135781953415,1.3883135781953415,0.0,1.992680737126638,1.9919453140389607
40,0,0.75,full_led,6038.861670470902,6041.042169956066,2.1804994851636366,0.036107789913882964,2665.6289567427384,2668.4806107367267,2.8516539939882932,0.10697865457887537,0.19406257617237088,6.263851109033226,-4.277414200041676,1.3733135781953418,1.3733135781953418,0.0,1.9921348759845154,1.9914158197440104
40,0,1.0,incandescent,7401.3462870474095,7407.021690579501,5.675403532091877,0.07668069175501237,3360.0108887422157,3364.725548367683,4.714659625467448,0.14031679603372746,1.6010162534221308,8.351801478710911,-4.277414200041676,1.6633135781953419,1.6633135781953419,0.0,1.9686454841993077,1.9671370698863495
40,0,1.0,fluorescent,6587.043311158784,6591.796917454057,4.75360629527313,0.07216600940243222,2934.7856091374606,2939.0257052664147,4.240096128954065,0.14447720186961927,0.6792190166032697,8.351801478710911,-4.277414200041676,1.4733135781953415,1.4733135781953415,0.0,1.9593353702604919,1.9579224157858235
40,0,1.0,mixed,6415.611105708546,6420.170649427648,4.559543719101384,0.07106951534272936,2845.264497641723,2849.4046856661475,4.140188024424333,0.14551153426529934,0.4851564404308988,8.351801478710911,-4.277414200041676,1.4333135781953414,1.4333135781953414,0.0,1.957074195756526,1.955684300402596
40,0,1.0,led,6222.749874577031,6227.091097897937,4.341223320906465,0.06976374446034671,2744.553247209018,2748.5810386158473,4.0277914068292375,0.14675581211350758,0.26683604223700286,8.351801478710911,-4.277414200041676,1.3883135781953415,1.3883135781953415,0.0,1.9543814535559867,1.9530189544033745
40,0,1.0,full_led,6158.462797533191,6162.731247388033,4.268449854841492,0.06931031322542446,2710.9828303981167,2714.973156265747,3.9903258676304176,0.1471911154466598,0.19406257617237088,8.351801478710911,-4.277414200041676,1.3733135781953418,1.3733135781953418,0.0,1.9534463940920408,1.9520933920475598
40,1,0.0,incandescent,6729.723867816504,6727.858868773346,-1.8649990431576953,-0.027712861326698156,3090.427938166573,3090.9535087186523,0.5255705520794436,0.017006400491941045,1.6010162534221308,0.0,-3.466015296580508,1.6133135781953416,1.6133135781953416,0.0,2.1000307326987846,2.1006128726311877
40,1,0.0,fluorescent,5915.420891927878,5912.634095647902,-2.7867962799764427,-0.04711070151879262,2665.2026585618178,2665.2536656173834,0.0510070555656057,0.0019138152741123952,0.6792190166032697,0.0,-3.466015296580508,1.4233135781953417,1.4233135781953417,0.0,2.1077497565735697,2.108743200288455
40,1,0.0,mixed,5743.988686477642,5741.007827621492,-2.9808588561500073,-0.05189527728645205,2575.6815470660804,2575.6326460171163,-0.04890104896412595,-0.0018985673527780788,0.4851564404308988,0.0,-3.466015296580508,1.3833135781953416,1.3833135781953416,0.0,2.1096536930023357,2.110749072086116
40,1,0.0,led,5551.127455346125,5547.928276091782,-3.1991792543431075,-0.057631161959037225,2474.9702966333753,2474.8089989668165,-0.16129766655876665,-0.006517155651450638,0.26683604223700286,0.0,-3.466015296580508,1.3383135781953417,1.3383135781953417,0.0,2.111936185810419,2.1131540210267206
40,1,0.0,full_led,5486.840378302286,5483.568425581878,-3.2719527204080805,-0.05963273022023786,2441.399879822474,2441.201116616716,-0.1987632057580413,-0.008141362150492706,0.19406257617237088,0.0,-3.466015296580508,1.3233135781953416,1.3233135781953416,0.0,2.112732674132942,2.1139933060580174
40,1,0.25,incandescent,6875.7602383044095,6876.231313954215,0.4710756498052433,0.006851251839482589,3146.8100679651834,3148.6188338127376,1.8087658475542412,0.057479346019883575,1.6010162534221308,2.336074692963905,-3.466015296580508,1.6133135781953416,1.6133135781953416,0.0,2.0554275389446035,2.0552867260749768
40,1,0.25,fluorescent,6061.457262415784,6061.006540828771,-0.4507215870125947,-0.007435861831564913,2721.5847883604283,2722.918990711469,1.334202351040858,0.04902299412999825,0.6792190166032697,2.336074692963905,-3.466015296580508,1.4233135781953417,1.4233135781953417,0.0,2.056968548190671,2.057121512904078
40,1,0.25,mixed,5890.025056965547,5889.380272802362,-0.6447841631852498,-0.010947052974294696,2632.0636768646905,2633.2979711112016,1.2342942465111264,0.04689454352340805,0.4851564404308988,2.336074692963905,-3.466015296580508,1.3833135781953416,1.3833135781953416,0.0,2.057347265553759,2.0575725091063157
40,1,0.25,led,5697.163825834031,5696.300721272652,-0.8631045613792594,-0.015149723402115895,2531.3524264319854,2532.474324060902,1.1218976289164857,0.04432008823432907,0.26683604223700286,2.336074692963905,-3.466015296580508,1.3383135781953417,1.3383135781953417,0.0,2.057800565928947,2.058112364259437
40,1,0.25,full_led,5632.876748790191,5631.940870762747,-0.9358780274442324,-0.01661456604114828,2497.7820096210835,2498.866441710801,1.0844320897176658,0.0434158019210882,0.19406257617237088,2.336074692963905,-3.466015296580508,1.3233135781953416,1.3233135781953416,0.0,2.0579585639754905,2.058300541678313
40,1,0.5,incandescent,7021.796608792314,7024.603759135084,2.807150342770001,0.03997766524958924,3203.192197763793,3206.284158906823,3.0919611430299483,0.09652749357932698,1.6010162534221308,4.67214938592781,-3.466015296580508,1.6133135781953416,1.6133135781953416,0.0,2.012679622092027,2.0118753213108342
40,1,0.5,fluorescent,6207.493632903689,6209.378986009639,1.8853531059503439,0.03037221167584878,2777.966918159039,2780.5843158055545,2.6173976465156557,0.09421989979096682,0.6792190166032697,4.67214938592781,-3.466015296580508,1.4233135781953417,1.4233135781953417,0.0,2.0085766788227715,2.0079668148913723
40,1,0.5,mixed,6036.061427453453,6037.7527179832305,1.6912905297776888,0.028019770012367575,2688.445806663301,2690.9632962052874,2.5174895419863788,0.09364107454748732,0.4851564404308988,4.67214938592781,-3.466015296580508,1.3833135781953416,1.3833135781953416,0.0,2.007571839788842,2.007009480348322
40,1,0.5,led,5843.200196321935,5844.67316645352,1.4729701315845887,0.025208277691936096,2587.734556230596,2590.139649154987,2.4050929243912833,0.09294202601269289,0.26683604223700286,4.67214938592781,-3.466015296580508,1.3383135781953417,1.3383135781953417,0.0,2.0063709185200866,2.005865274431582
40,1,0.5,full_led,5778.913119278097,5780.3133159436165,1.4001966655196156,0.024229411943374718,2554.164139419694,2556.5317668048865,2.3676273851924634,0.09269675932927271,0.19406257617237088,4.67214938592781,-3.466015296580508,1.3233135781953416,1.3233135781953416,0.0,2.005952798688085,2.0054668858549234
40,1,0.75,incandescent,7167.83297928022,7172.9762043159535,5.143225035733849,0.07175425335106402,3259.5743275624036,3263.9494840009083,4.375156438504746,0.13422477903047556,1.6010162534221308,7.008224078891772,-3.466015296580508,1.6133135781953416,1.6133135781953416,0.0,1.9716735847283042,1.9702598394914013
40,1,0.75,fluorescent,6353.530003391594,6357.751431190509,4.2214277989151014,0.06644224229147656,2834.3490479576494,2838.24964089964,3.9005929419904533,0.13761865161953532,0.6792190166032697,7.008224078891772,-3.466015296580508,1.4233135781953417,1.4233135781953417,0.0,1.9624093910527687,1.9611063879948636
40,1,0.75,mixed,6182.097797941358,6186.125163164099,4.027365222740627,0.06514560840628794,2744.8279364619116,2748.6286212993728,3.8006848374611764,0.1384671434946216,0.4851564404308988,7.008224078891772,-3.466015296580508,1.3833135781953416,1.3833135781953416,0.0,1.9601480502340864,1.9588719311966083
40,1,0.75,led,5989.236566809841,5993.04561163439,3.8090448245493462,0.06359816951725834,2644.1166860292064,2647.8049742490725,3.688288219866081,0.1394903726962578,0.26683604223700286,7.008224078891772,-3.466015296580508,1.3383135781953417,1.3383135781953417,0.0,1.9574493032983948,1.9562051926038972
40,1,0.75,full_led,5924.949489766002,5928.685761124485,3.736271358482554,0.06305996979275705,2610.5462692183046,2614.197091898972,3.650822680667261,0.13984899343540286,0.19406257617237088,7.008224078891772,-3.466015296580508,1.3233135781953416,1.3233135781953416,0.0,1.9565106782790498,1.9552776807641956
40,1,1.0,incandescent,7313.869349768125,7321.348649496822,7.4792997286967875,0.10226187221862128,3315.956457361014,3321.6148090949937,5.6583517339795435,0.17064010962564666,1.6010162534221308,9.34429877185562,-3.466015296580508,1.6133135781953416,1.6133135781953416,0.0,1.9323050862864053,1.9303310935701026
40,1,1.0,fluorescent,6499.566373879499,6506.123876371377,6.55750249187804,0.10089138435806079,2890.7311777562595,2895.9149659937248,5.183788237465251,0.17932446563532853,0.6792190166032697,9.34429877185562,-3.466015296580508,1.4233135781953417,1.4233135781953417,0.0,1.91831673495921,1.9163832693491574
40,1,1.0,mixed,6328.134168429262,6334.497608344969,6.363439915707204,0.1005579171733444,2801.2100662605217,2806.293946393458,5.083880132936429,0.18148871425851898,0.4851564404308988,9.34429877185562,-3.466015296580508,1.3833135781953416,1.3833135781953416,0.0,1.9149130885129477,1.9129894261902245
40,1,1.0,led,6135.2729372977465,6141.418056815259,6.145119517512285,0.10016049131497767,2700.4988158278165,2705.4702993431574,4.9714835153408785,0.18409500815933183,0.26683604223700286,9.34429877185562,-3.466015296580508,1.3383135781953417,1.3383135781953417,0.0,1.9108566260712783,1.908944617763196
40,1,1.0,full_led,6070.985860253907,6077.058206305355,6.072346051448221,0.10002240478277538,2666.928399016914,2671.862416993057,4.934017976142968,0.18500751568590107,0.19406257617237088,9.34429877185562,-3.466015296580508,1.3233135781953416,1.3233135781953416,0.0,1.909447198828819,1.9075392322165814
40,2,0.0,incandescent,6547.877806355739,6546.762462858697,-1.1153434970419767,-0.01703366388357708,3007.3032738560964,3008.168993654278,0.8657197981815443,0.02878724622513646,1.6010162534221308,0.0,-2.716359750464335,1.5633135781953418,1.5633135781953418,0.0,2.0914603708240276,2.0918166838470147
40,2,0.0,fluorescent,5733.574830467113,5731.537689733253,-2.037140733860724,-0.03553002784642751,2582.077994251342,2582.4691505530095,0.39115630166770643,0.015148895677766692,0.6792190166032697,0.0,-2.716359750464335,1.3733135781953414,1.3733135781953414,0.0,2.098207017559949,2.0989527760657682
40,2,0.0,mixed,5562.142625016877,5559.911421706844,-2.2312033100333792,-0.040114097398331446,2492.556882755604,2492.848130952743,0.2912481971388843,0.011684716170525255,0.4851564404308988,0.0,-2.716359750464335,1.3333135781953414,1.3333135781953414,0.0,2.0998790812121166,2.100721766787714
40,2,0.0,led,5369.281393885361,5366.831870177133,-2.449523708227389,-0.045621071583563357,2391.845632322899,2392.024483902442,0.17885157954333408,0.007477555287279892,0.26683604223700286,0.0,-2.716359750464335,1.2883135781953414,1.2883135781953414,0.0,2.1018877792181794,2.102847120608365
40,2,0.0,full_led,5304.994316841521,5302.47201966723,-2.5222971742914524,-0.047545709262760784,2358.275215511997,2358.4166015523415,0.14138604034451419,0.005995315534612798,0.19406257617237088,0.0,-2.716359750464335,1.2733135781953417,1.2733135781953417,0.0,2.102589801007021,2.1035899677771814
40,2,0.25,incandescent,6724.017675817199,6725.469815282892,1.452139465693108,0.021596306489730085,3076.3722772945885,3078.659956487202,2.287679192613723,0.07436288545109193,1.6010162534221308,2.567482962734715,-2.716359750464335,1.5633135781953418,1.5633135781953418,0.0,2.0366732518035544,2.0362335005759236
40,2,0.25,fluorescent,5909.714699928573,5910.245042157448,0.5303422288743604,0.008974074990130579,2651.1469976898334,2652.9601133859333,1.813115696099885,0.06838985909418847,0.6792190166032697,2.567482962734715,-2.716359750464335,1.3733135781953414,1.3733135781953414,0.0,2.035669665260929,2.0354869991312126
40,2,0.25,mixed,5738.282494478338,5738.61877413104,0.33627965270170534,0.005860284031420385,2561.625886194096,2563.339093785666,1.7132075915701535,0.06687969546230385,0.4851564404308988,2.567482962734715,-2.716359750464335,1.3333135781953414,1.3333135781953414,0.0,2.0354220894893382,2.0353028149634818
40,2,0.25,led,5545.421263346821,5545.539222601329,0.11795925450769573,0.002127146864159134,2460.914635761391,2462.515446735366,1.600810973975058,0.06504943124448433,0.26683604223700286,2.567482962734715,-2.716359750464335,1.2883135781953414,1.2883135781953414,0.0,2.0351252698482982,2.035081980665763
40,2,0.25,full_led,5481.134186302982,5481.179372091425,0.045185788442722696,0.0008243875611664318,2427.3442189504894,2428.9075643852657,1.563345434776238,0.06440559285209996,0.19406257617237088,2.567482962734715,-2.716359750464335,1.2733135781953417,1.2733135781953417,0.0,2.035021688187259,2.0350049118598967
40,2,0.5,incandescent,6900.157545278661,6904.177167707088,4.019622428427283,0.05825406741875995,3145.4412807330805,3149.1509193201255,3.709638587044992,0.11793698422436992,1.6010162534221308,5.13496592546943,-2.716359750464335,1.5633135781953418,1.5633135781953418,0.0,1.9846832271766832,1.9835277415888284
40,2,0.5,fluorescent,6085.854569390035,6088.952394581644,3.0978251916085355,0.05090205748901128,2720.216001128326,2723.4510762188575,3.235075090531609,0.11892713994733224,0.6792190166032697,5.13496592546943,-2.716359750464335,1.3733135781953414,1.3733135781953414,0.0,1.9767522880844883,1.9757465924181785
40,2,0.5,mixed,5914.422363939798,5917.326126555235,2.90376261543679,0.04909630115598466,2630.694889632588,2633.8300566185903,3.135166986002332,0.11917638181295134,0.4851564404308988,5.13496592546943,-2.716359750464335,1.3333135781953414,1.3333135781953414,0.0,1.9748043386625607,1.9738352585596952
40,2,0.5,led,5721.561132808281,5724.246575025524,2.6854422172427803,0.04693548063034852,2529.983639199883,2533.0064095682897,3.022770368406782,0.1194778622901587,0.26683604223700286,5.13496592546943,-2.716359750464335,1.2883135781953414,1.2883135781953414,0.0,1.9724733657528766,1.9715480102184224
40,2,0.5,full_led,5657.274055764443,5659.886724515621,2.6126687511778073,0.04618246748211968,2496.413222388981,2499.39852721819,2.9853048292088715,0.11958376131144019,0.19406257617237088,5.13496592546943,-2.716359750464335,1.2733135781953417,1.2733135781953417,0.0,1.9716610570820174,1.9707509156812293
40,2,0.75,incandescent,7076.297414740121,7082.884520131283,6.587105391162368,0.09308689283524527,3214.5102841715725,3219.6418821530497,5.131597981477171,0.15963856164173576,1.6010162534221308,7.702448888204231,-2.716359750464335,1.5633135781953418,1.5633135781953418,0.0,1.9352814250662942,1.93348160711469
40,2,0.75,fluorescent,6261.994438851495,6267.65974700584,5.66530815434453,0.09047130606177282,2789.285004566818,2793.942039051781,4.657034484963333,0.16696158611753556,0.6792190166032697,7.702448888204231,-2.716359750464335,1.3733135781953414,1.3733135781953414,0.0,1.9211494137317757,1.9194128958162129
40,2,0.75,mixed,6090.562233401259,6096.033478979431,5.4712455781718745,0.0898315355545833,2699.7638930710805,2704.321019451514,4.557126380433601,0.168797219346826,0.4851564404308988,7.702448888204231,-2.716359750464335,1.3333135781953414,1.3333135781953414,0.0,1.9176927346604948,1.9159715879622385
40,2,0.75,led,5897.701002269742,5902.953927449719,5.252925179976955,0.08906733620363862,2599.052642638375,2603.497372401214,4.444729762838961,0.17101345659266773,0.26683604223700286,7.702448888204231,-2.716359750464335,1.2883135781953414,1.2883135781953414,0.0,1.9135637667368852,1.9118609231407253
40,2,0.75,full_led,5833.413925225904,5838.594076939816,5.180151713911982,0.08880137395207004,2565.4822258274735,2569.889490051113,4.407264223639686,0.17179086953986447,0.19406257617237088,7.702448888204231,-2.716359750464335,1.2733135781953417,1.2733135781953417,0.0,1.912126773098694,1.910430284757433
40,2,1.0,incandescent,7252.437284201582,7261.591872555479,9.154588353897452,0.1262277493090418,3283.579287610065,3290.132844985974,6.553557375908895,0.19958578130387908,1.6010162534221308,10.26993185093886,-2.716359750464335,1.5633135781953418,1.5633135781953418,0.0,1.8882792650717601,1.8858987375411143
40,2,1.0,fluorescent,6438.134308312956,6446.367099430035,8.232791117078705,0.12787541736195962,2858.3540080053103,2864.4330018847045,6.078993879394147,0.2126746324062339,0.6792190166032697,10.26993185093886,-2.716359750464335,1.3733135781953414,1.3733135781953414,0.0,1.868588999371711,1.866202585027288
40,2,1.0,mixed,6266.70210286272,6274.740831403625,8.03872854090514,0.1282768577308459,2768.832896509572,2774.811982284438,5.97908577486578,0.2159424565636697,0.4851564404308988,10.26993185093886,-2.716359750464335,1.3333135781953414,1.3333135781953414,0.0,1.8637916328678965,1.8614038824577999
40,2,1.0,led,6073.840871731202,6081.661279873914,7.82040814271204,0.12875556518297493,2668.121646076867,2673.988335234137,5.86668915727023,0.21988087259426306,0.26683604223700286,10.26993185093886,-2.716359750464335,1.2883135781953414,1.2883135781953414,0.0,1.858070895060261,1.8556816017259623
40,2,1.0,full_led,6009.553794687364,6017.301429364011,7.747634676647067,0.1289219622843916,2634.551229265965,2640.3804528840374,5.829223618072319,0.22126059092411157,0.19406257617237088,10.26993185093886,-2.716359750464335,1.2733135781953417,1.2733135781953417,0.0,1.8560823858256972,1.8536925689910337
40,3,0.0,incandescent,6377.13313082069,6376.675707576029,-0.4574232446611859,-0.007172866478989735,2929.0729552204907,2930.238017938924,1.1650627184330915,0.03977581768172072,1.6010162534221308,0.0,-2.058439498082862,1.5133135781953415,1.5133135781953415,0.0,2.0787753169087693,2.078924435382718
40,3,0.0,fluorescent,5562.830154932063,5561.450934450584,-1.3792204814790239,-0.024793503361884826,2503.847675615736,2504.538174837656,0.6904992219197084,0.02757752512839678,0.6792190166032697,0.0,-2.058439498082862,1.3233135781953416,1.3233135781953416,0.0,2.0838721697647737,2.0843889628123438
40,3,0.0,mixed,5391.397949481827,5389.824666424174,-1.5732830576525885,-0.029181356531172,2414.3265641199982,2414.9171552373887,0.5905911173904315,0.024461940077509646,0.4851564404308988,0.0,-2.058439498082862,1.2833135781953415,1.2833135781953415,0.0,2.0851413771212446,2.0857500272730523
40,3,0.0,led,5198.5367183503095,5196.745114894464,-1.7916034558456886,-0.034463610683396914,2313.615313687293,2314.093508187088,0.47819449979488127,0.02066871259737494,0.26683604223700286,0.0,-2.058439498082862,1.2383135781953416,1.2383135781953416,0.0,2.0866692942073803,2.087388683716786
40,3,0.0,full_led,5134.249641306471,5132.38526438456,-1.8643769219106616,-0.03631254909989629,2280.0448968763912,2280.4856258369873,0.44072896059606137,0.019329836934345014,0.19406257617237088,0.0,-2.058439498082862,1.2233135781953415,1.2233135781953415,0.0,2.08720410842047,2.0879623007561197
40,3,0.25,incandescent,6586.832384819409,6589.164167436955,2.331782617546196,0.035400667290702986,3012.3803756856273,3015.1036471027687,2.7232714171414045,0.09040264101845304,1.6010162534221308,2.7892058622062166,-2.058439498082862,1.5133135781953415,1.5133135781953415,0.0,2.0125951550769043,2.0118829350927734
40,3,0.25,fluorescent,5772.529408930783,5773.939394311509,1.409985380726539,0.02442578081187643,2587.1550960808727,2589.4038040015002,2.2487079206275666,0.08691817216656243,0.6792190166032697,2.7892058622062166,-2.058439498082862,1.3233135781953416,1.3233135781953416,0.0,2.008171136738888,2.007680745040702
40,3,0.25,mixed,5601.097203480545,5602.3131262851,1.2159228045547934,0.02170865386516081,2497.633984585135,2499.782784401233,2.1487998160982897,0.0860334151985529,0.4851564404308988,2.7892058622062166,-2.058439498082862,1.2833135781953415,1.2833135781953415,0.0,2.0070758525678634,2.0066402379842803
40,3,0.25,led,5408.23597234903,5409.23357475539,0.9976024063598743,0.01844598518741357,2396.9227341524297,2398.9591373509325,2.0364031985027395,0.08495906728603111,0.26683604223700286,2.7892058622062166,-2.058439498082862,1.2383135781953416,1.2383135781953416,0.0,2.00576065845729,2.005390744377632
40,3,0.25,full_led,5343.9488953051905,5344.873724245486,0.9248289402958108,0.017306096267280906,2363.352317341528,2365.3512550008327,1.9989376593048291,0.08458060377359991,0.19406257617237088,2.7892058622062166,-2.058439498082862,1.2233135781953415,1.2233135781953415,0.0,2.005301164913029,2.004954185611552
40,3,0.5,incandescent,6796.531638818127,6801.652627297879,5.120988479751759,0.0753470851294715,3095.6877961507644,3099.9692762666136,4.281480115849263,0.1383046482004075,1.6010162534221308,5.578411724412433,-2.058439498082862,1.5133135781953415,1.5133135781953415,0.0,1.9504988204978668,1.9490302829913422
40,3,0.5,fluorescent,5982.228662929502,5986.427854172434,4.199191242932102,0.07019442885815325,2670.4625165460093,2674.2694331653447,3.806916619335425,0.14255645214070675,0.6792190166032697,5.578411724412433,-2.058439498082862,1.3233135781953416,1.3233135781953416,0.0,1.9377773064452655,1.936418048855565
40,3,0.5,mixed,5810.796457479266,5814.801586146026,4.005128666760356,0.06892564033292242,2580.941405050272,2584.6484135650776,3.7070085148056933,0.14363009201030225,0.4851564404308988,5.578411724412433,-2.058439498082862,1.2833135781953415,1.2833135781953415,0.0,1.9346447646641398,1.933312216839049
40,3,0.5,led,5617.935226347749,5621.722034616316,3.7868082685663467,0.06740569472582139,2480.2301546175663,2483.824766514777,3.594611897210598,0.14493057793521025,0.26683604223700286,5.578411724412433,-2.058439498082862,1.2383135781953416,1.2383135781953416,0.0,1.9308921352664463,1.9295914807234946
40,3,0.5,full_led,5553.64814930391,5557.362184106412,3.714034802502283,0.06687558704934876,2446.6597378066645,2450.216884164677,3.5571463580126874,0.14538786505726092,0.19406257617237088,5.578411724412433,-2.058439498082862,1.2233135781953415,1.2233135781953415,0.0,1.9295833399770481,1.9282937821901724
40,3,0.75,incandescent,7006.230892816848,7014.141087158806,7.910194341958231,0.11290227888533011,3178.995216615901,3184.8349054304576,5.839688814556666,0.18369605540876285,1.6010162534221308,8.367617586618508,-2.058439498082862,1.5133135781953415,1.5133135781953415,0.0,1.8921196214904328,1.8899857844691583
40,3,0.75,fluorescent,6191.927916928222,6198.91631403336,6.988397105138574,0.11286302422922062,2753.769937011146,2759.135062329189,5.365125318043283,0.19482837857785676,0.6792190166032697,8.367617586618508,-2.058439498082862,1.3233135781953416,1.3233135781953416,0.0,1.8721514688985634,1.87004088420233
40,3,0.75,mixed,6020.4957114779845,6027.290046006952,6.794334528967738,0.11285340700458339,2664.248825515408,2669.514042728922,5.265217213514006,0.19762483004925158,0.4851564404308988,8.367617586618508,-2.058439498082862,1.2833135781953415,1.2833135781953415,0.0,1.8672593559960218,1.8651544656356538
40,3,0.75,led,5827.634480346469,5834.210494477241,6.5760141307719095,0.11284191129264078,2563.5375750827034,2568.6903956786214,5.152820595918001,0.2010042936761621,0.26683604223700286,8.367617586618508,-2.058439498082862,1.2383135781953416,1.2383135781953416,0.0,1.8614116896957942,1.8593136046873409
40,3,0.75,full_led,5763.347403302629,5769.850643967338,6.503240664709665,0.1128379084173036,2529.967158271802,2535.0825133285216,5.115355056719636,0.202190571525596,0.19406257617237088,8.367617586618508,-2.058439498082862,1.2233135781953415,1.2233135781953415,0.0,1.8593754974496877,1.857279781790458
40,3,1.0,incandescent,7215.930146815566,7226.629547019731,10.699400204164704,0.14827471977242482,3262.3026370810376,3269.7005345943026,7.397897513264979,0.22676919759609693,1.6010162534221308,11.156823448824866,-2.058439498082862,1.5133135781953415,1.5133135781953415,0.0,1.8371334914933206,1.8344135199870923
40,3,1.0,fluorescent,6401.62717092694,6411.404773894286,9.777602967345956,0.15273621387623207,2837.077357476283,2844.0006914930336,6.923334016750687,0.24403049844609545,0.6792190166032697,11.156823448824866,-2.058439498082862,1.3233135781953416,1.3233135781953416,0.0,1.8108250661077887,1.808063498375891
40,3,1.0,mixed,6230.194965476705,6239.778505867878,9.583540391173301,0.15382408486858667,2747.556245980545,2754.3796718927665,6.82342591222141,0.24834526762476786,0.4851564404308988,11.156823448824866,-2.058439498082862,1.2833135781953415,1.2833135781953415,0.0,1.8044101360046316,1.801638781636142
40,3,1.0,led,6037.333734345188,6046.698954338166,9.365219992978382,0.155121787283375,2646.8449955478404,2653.556024842466,6.711029294625405,0.25354825484355065,0.26683604223700286,11.156823448824866,-2.058439498082862,1.2383135781953416,1.2383135781953416,0.0,1.7967578772863269,1.7939750311545823
40,3,1.0,full_led,5973.046657301349,5982.339103828263,9.292446526914318,0.15557297741104018,2613.2745787369386,2619.948142492366,6.6735637554274945,0.2553717014556119,0.19406257617237088,11.156823448824866,-2.058439498082862,1.2233135781953415,1.2233135781953415,0.0,1.7940973107738678,1.7913105156699631
40,4,0.0,incandescent,6217.450538785165,6217.561061260721,0.11052247555562644,0.0017776172864773856,2855.685904871515,2857.1099096514545,1.4240047799394233,0.049865595425260645,1.6010162534221308,0.0,-1.490493777866277,1.4633135781953417,1.4633135781953417,0.0,2.061717558511666,2.061680909715423
40,4,0.0,fluorescent,5403.147562896539,5402.336288135276,-0.811274761263121,-0.015014854801193139,2430.4606252667604,2431.410066550186,0.9494412834255854,0.03906425282332551,0.6792190166032697,0.0,-1.490493777866277,1.2733135781953417,1.2733135781953417,0.0,2.0643942840997656,2.0647042964519517
40,4,0.0,mixed,5231.715357446303,5230.710020108868,-1.0053373374348666,-0.01921620861891826,2340.9395137710226,2341.789046949919,0.8495331788963085,0.036290266104645925,0.4851564404308988,0.0,-1.490493777866277,1.2333135781953417,1.2333135781953417,0.0,2.0650639812837106,2.065460884556229
40,4,0.0,led,5038.854126314786,5037.630468579157,-1.2236577356288763,-0.024284444537468877,2240.2282633383174,2240.9653998996187,0.7371365613012131,0.03290452912163314,0.26683604223700286,0.0,-1.490493777866277,1.1883135781953416,1.1883135781953416,0.0,2.0658718597603802,2.0663736671275106
40,4,0.0,full_led,4974.567049270947,4973.270618069253,-1.2964312016938493,-0.026061186608869795,2206.6578465274156,2207.3575175495184,0.6996710221028479,0.03170727275204489,0.19406257617237088,0.0,-1.490493777866277,1.1733135781953417,1.1733135781953417,0.0,2.066155073032442,2.066693677928481
40,4,0.25,incandescent,6463.707815038448,6466.826443102075,3.1186280636275114,0.04824828338266959,2954.569244419995,2957.687843860731,3.118599440736034,0.10555174655749994,1.6010162534221308,3.0081055880714302,-1.490493777866277,1.4633135781953417,1.4633135781953417,0.0,1.983169306503522,1.9822129227952836
40,4,0.25,fluorescent,5649.404839149822,5651.601669976631,2.196830826808764,0.03888605772390291,2529.34396481524,2531.988000759462,2.644035944222196,0.10453445561388224,0.6792190166032697,3.0081055880714302,-1.490493777866277,1.2733135781953417,1.2733135781953417,0.0,1.9744074398233056,1.9736399690456805
40,4,0.25,mixed,5477.9726336995855,5479.9754019502225,2.0027682506370184,0.03656039167330479,2439.8228533195024,2442.3669811591953,2.5441278396929192,0.10427510490081296,0.4851564404308988,3.0081055880714302,-1.490493777866277,1.2333135781953417,1.2333135781953417,0.0,1.9722309086627832,1.971510116842187
40,4,0.25,led,5285.111402568069,5286.895850420511,1.7844478524420992,0.03376367528553939,2339.1116028867973,2341.5433341088947,2.431731222097369,0.10395960667700788,0.26683604223700286,3.0081055880714302,-1.490493777866277,1.1883135781953416,1.1883135781953416,0.0,1.969613533582866,1.9689487441223619
40,4,0.25,full_led,5220.8243255242305,5222.535999910608,1.7116743863771262,0.032785519673758694,2305.5411860758954,2307.935451758794,2.394265682898549,0.10384831541325296,0.19406257617237088,3.0081055880714302,-1.490493777866277,1.1733135781953417,1.1733135781953417,0.0,1.9686981028535455,1.968052866493811
40,4,0.5,incandescent,6709.9650912917305,6716.091824943429,6.126733651698487,0.09130798101542782,3053.4525839684748,3058.265778070007,4.81319410153219,0.1576312049776989,1.6010162534221308,6.0162111761428605,-1.490493777866277,1.4633135781953417,1.4633135781953417,0.0,1.9103865326553418,1.9086437885472431
40,4,0.5,fluorescent,5895.6621154031045,5900.867051817985,5.204936414880649,0.08828417085304373,2628.2273043637197,2632.5659349687385,4.338630605018807,0.1650782106180564,0.6792190166032697,6.0162111761428605,-1.490493777866277,1.2733135781953417,1.2733135781953417,0.0,1.8919379582234668,1.8902691497776944
40,4,0.5,mixed,5724.229909952868,5729.240783791575,5.010873838707084,0.0875379556295345,2538.7061928679823,2542.944915368471,4.23872250048862,0.16696388547822172,0.4851564404308988,6.0162111761428605,-1.490493777866277,1.2333135781953417,1.2333135781953417,0.0,1.8873852229810506,1.8857344895602883
40,4,0.5,led,5531.368678821352,5536.161232261866,4.792553440513984,0.08664317493180011,2437.994942435277,2442.1212683181707,4.126325882893525,0.169250797492295,0.26683604223700286,6.0162111761428605,-1.490493777866277,1.1883135781953416,1.1883135781953416,0.0,1.8819260746165487,1.8802969256620101
40,4,0.5,full_led,5467.081601777512,5471.801381751961,4.719779974449011,0.08633088580412754,2404.4245256243753,2408.5133859680705,4.08886034369516,0.17005567445014205,0.19406257617237088,6.0162111761428605,-1.490493777866277,1.1733135781953417,1.1733135781953417,0.0,1.880020766774257,1.8783991281679728
40,4,0.75,incandescent,6956.222367545013,6965.357206784784,9.134839239770372,0.1313189653394337,3152.3359235169546,3158.843712279283,6.507788762328346,0.20644337787033262,1.6010162534221308,9.024316764214404,-1.490493777866277,1.4633135781953417,1.4633135781953417,0.0,1.8427569257702061,1.840340210047646
40,4,0.75,fluorescent,6141.919391656388,6150.132433659339,8.213042002950715,0.13372109725353745,2727.1106439121995,2733.143869178014,6.033225265814508,0.22123140765420116,0.6792190166032697,9.024316764214404,-1.490493777866277,1.2733135781953417,1.2733135781953417,0.0,1.8160816242791908,1.8136563830633496
40,4,0.75,mixed,5970.487186206151,5978.50616563293,8.01897942677897,0.1343103029398594,2637.589532416461,2643.5228495777474,5.933317161286141,0.2249522561552728,0.4851564404308988,9.024316764214404,-1.490493777866277,1.2333135781953417,1.2333135781953417,0.0,1.809538586725669,1.807111449862897
40,4,0.75,led,5777.6259550746345,5785.426614103219,7.80065902858496,0.13501495405277048,2536.878281983757,2542.6992025274467,5.820920543689681,0.22945210201956984,0.26683604223700286,9.024316764214404,-1.490493777866277,1.1883135781953416,1.1883135781953416,0.0,1.8017135456559203,1.799284242862141
40,4,0.75,full_led,5713.338878030795,5721.066763593316,7.727885562520896,0.13526040949954032,2503.3078651728547,2509.0913201773465,5.7834550044917705,0.23103251042166242,0.19406257617237088,9.024316764214404,-1.490493777866277,1.1733135781953417,1.1733135781953417,0.0,1.7989878010760967,1.7965577696799317
40,4,1.0,incandescent,7202.479643798296,7214.622588626137,12.142944827841347,0.16859394858959503,3251.2192630654345,3259.421646488559,8.202383423124502,0.25228638118337265,1.6010162534221308,12.032422352285721,-1.490493777866277,1.4633135781953417,1.4633135781953417,0.0,1.7797519158597952,1.7767564120678714
40,4,1.0,fluorescent,6388.17666790967,6399.3978155006935,11.22114759102351,0.1756549352711511,2825.9939834606794,2833.72180338729,7.727819926610664,0.2734549320288101,0.6792190166032697,12.032422352285721,-1.490493777866277,1.2733135781953417,1.2733135781953417,0.0,1.7460736489996078,1.7430119624651712
40,4,1.0,mixed,6216.7444624594345,6227.7715474742845,11.027085014849945,0.1773771639069023,2736.472871964941,2744.100783787023,7.627911822081842,0.2787497694652669,0.4851564404308988,12.032422352285721,-1.490493777866277,1.2333135781953417,1.2333135781953417,0.0,1.737859262228231,1.7347821548420093
40,4,1.0,led,6023.883231327917,6034.691995944574,10.808764616656845,0.17943184158093547,2635.7616215322364,2643.2771367367227,7.515515204486292,0.28513637739809444,0.26683604223700286,12.032422352285721,-1.490493777866277,1.1883135781953416,1.1883135781953416,0.0,1.7280592178239271,1.7249640830031852
40,4,1.0,full_led,5959.596154284079,5970.332145434671,10.735991150591872,0.18014628630287746,2602.191204721334,2609.6692543866225,7.478049665288381,0.2873751034021037,0.19406257617237088,12.032422352285721,-1.490493777866277,1.1733135781953417,1.1733135781953417,0.0,1.724651583581322,1.7215502746946225
50,0,0.0,incandescent,8366.394287548943,8359.880840396978,-6.513447151965011,-0.07785250046915038,3823.3373573680356,3821.922201246234,-1.415156121801374,-0.03701363467375423,1.3131789690933147,0.0,-7.826626121056506,2.0549759234255727,2.0549759234255727,0.0,2.151654400988295,2.1533308228772783
50,0,0.0,fluorescent,7551.734555316158,7544.465035424413,-7.269519891744494,-0.0962629160028805,3401.8311884482246,3400.002985331295,-1.8282031169296715,-0.05374173542584347,0.5571062293122395,0.0,-7.826626121056506,1.8649759234255725,1.8649759234255725,0.0,2.163369086868553,2.1654536156636808
50,0,0.0,mixed,7380.227243267151,7372.798550167031,-7.4286931001197445,-0.10065669870662598,3313.0930476230014,3311.1778872439395,-1.9151603790619447,-0.057805813224472764,0.3979330209373302,0.0,-7.826626121056506,1.824975923425573,1.824975923425573,0.0,2.1661648838513043,2.1683474708319324
50,0,0.0,led,7187.281517212017,7179.673754252476,-7.607762959541105,-0.10585035442569105,3213.262639194625,3211.2496518956646,-2.0129872989605246,-0.06264621118755052,0.21886316151554297,0.0,-7.826626121056506,1.7799759234255725,1.7799759234255725,0.0,2.1694696460500493,2.1717684706735625
50,0,0.0,full_led,7122.966275193639,7115.298822280956,-7.667452912683075,-0.10764409961318584,3179.9858363851667,3177.940240112906,-2.045596272260809,-0.06432721331193508,0.15917320837493776,0.0,-7.826626121056506,1.7649759234255729,1.7649759234255729,0.0,2.1706110196047086,2.172950072144913
50,0,0.25,incandescent,8416.356264045917,8410.823427022811,-5.532837023105458,-0.0657391019287212,3840.8117526811325,3839.9328224126225,-0.8789302685099756,-0.02288397154316209,1.3131789690933147,0.9806101288589915,-7.826626121056506,2.0549759234255727,2.0549759234255727,0.0,2.138881544987531,2.140288551459944
50,0,0.25,fluorescent,7601.6965318131315,7595.407622050245,-6.28890976288676,-0.08273034495086257,3419.3055837613215,3418.013606497683,-1.2919772636382731,-0.03778478500938971,0.5571062293122395,0.9806101288589915,-7.826626121056506,1.8649759234255725,1.8649759234255725,0.0,2.1491503930519733,2.1509298647487314
50,0,0.25,mixed,7430.189219764123,7423.7411367928635,-6.448082971259282,-0.08678221752559866,3330.5674429360984,3329.1885084103274,-1.378934525771001,-0.04140239011510261,0.3979330209373302,0.9806101288589915,-7.826626121056506,1.824975923425573,1.824975923425573,0.0,2.151599187633546,2.1534680149306076
50,0,0.25,led,7237.24349370899,7230.616340878308,-6.627152830682462,-0.09157012385230852,3230.7370345077225,3229.260273062053,-1.476761445669581,-0.04570973836298626,0.21886316151554297,0.9806101288589915,-7.826626121056506,1.7799759234255725,1.7799759234255725,0.0,2.1544928124584932,2.15646749241213
50,0,0.25,full_led,7172.928251690612,7166.241408906789,-6.686842783823522,-0.09322333291494275,3197.460231698263,3195.9508612792947,-1.5093704189685013,-0.04720529137486196,0.15917320837493776,0.9806101288589915,-7.826626121056506,1.7649759234255729,1.7649759234255729,0.0,2.15549194787553,2.1575032443076214
50,0,0.5,incandescent,8466.318240542889,8461.766013648643,-4.552226894245905,-0.05376867210644802,3858.286147994229,3857.9434435790113,-0.3427044152176677,-0.008882296493115893,1.3131789690933147,1.961220257717983,-7.826626121056506,2.0549759234255727,2.0549759234255727,0.0,2.126259440969667,2.1274033174838265
50,0,0.5,fluorescent,7651.658508310104,7646.350208676077,-5.308299634026298,-0.06937449741466122,3436.779979074418,3436.0242276640715,-0.75575141034642,-0.02199010163431982,0.5571062293122395,1.961220257717983,-7.826626121056506,1.8649759234255725,1.8649759234255725,0.0,2.135117382913125,2.136599638173872
50,0,0.5,mixed,7480.151196261097,7474.683723418695,-5.467472842401548,-0.07309307925666567,3348.041838249195,3347.199129576716,-0.8427086724786932,-0.025170195391565783,0.3979330209373302,1.961220257717983,-7.826626121056506,1.824975923425573,1.824975923425573,0.0,2.137228067956555,2.138791376432466
50,0,0.5,led,7287.205470205964,7281.558927504139,-5.646542701824728,-0.0774857073114083,3248.211429820819,3247.270894228441,-0.9405355923777279,-0.028955491743639688,0.21886316151554297,1.961220257717983,-7.826626121056506,1.7799759234255725,1.7799759234255725,0.0,2.1397213448912553,2.1413806088022147
50,0,0.5,full_led,7222.890228187586,7217.183995532621,-5.706232654964879,-0.0790020680737484,3214.93462701136,3213.961482445683,-0.973144565677103,-0.03026949778390204,0.15917320837493776,1.961220257717983,-7.826626121056506,1.7649759234255729,1.7649759234255729,0.0,2.1405820385958765,2.142274479738686
50,0,0.75,incandescent,8516.280217039863,8512.708600274476,-3.571616765386352,-0.04193869476300294,3875.7605433073254,3875.9540647453996,0.19352143807418543,0.00499312163153007,1.3131789690933147,2.941830386576953,-7.826626121056506,2.0549759234255727,2.0549759234255727,0.0,2.1137854357104646,2.1146723016723006
50,0,0.75,fluorescent,7701.620484807077,7697.29279530191,-4.327689505167655,-0.056191934070301854,3454.2543743875144,3454.0348488304603,-0.21952555705411214,-0.006355222669234861,0.5571062293122395,2.941830386576953,-7.826626121056506,1.8649759234255725,1.8649759234255725,0.0,2.1212664427488024,2.1224590935633265
50,0,0.75,mixed,7530.1131727580705,7525.626310044528,-4.486862713542905,-0.05958559467306774,3365.5162335622913,3365.209750743105,-0.3064828191863853,-0.009106561903639463,0.3979330209373302,2.941830386576953,-7.826626121056506,1.824975923425573,1.824975923425573,0.0,2.1230476517994354,2.1243134365933494
50,0,0.75,led,7337.167446702937,7332.501514129972,-4.6659325729651755,-0.0635931046532389,3265.6858251339154,3265.2815153948295,-0.40430973908587475,-0.012380546100735067,0.21886316151554297,2.941830386576953,-7.826626121056506,1.7799759234255725,1.7799759234255725,0.0,2.125151048067572,2.126503357573208
50,0,0.75,full_led,7272.85220468456,7268.126582158454,-4.7256225261062355,-0.06497619356354288,3232.409022324457,3231.9721036120714,-0.43691871238570457,-0.013516813910868002,0.15917320837493776,2.941830386576953,-7.826626121056506,1.7649759234255729,1.7649759234255729,0.0,2.1258769811449243,2.1272591931958935
50,0,1.0,incandescent,8566.242193536837,8563.651186900308,-2.5910066365286184,-0.030246712362201396,3893.2349386204223,3893.964685911788,0.7297472913655838,0.0187439829054902,1.3131789690933147,3.922440515435966,-7.826626121056506,2.0549759234255727,2.0549759234255727,0.0,2.1014569378846275,2.102092751832861
50,0,1.0,fluorescent,7751.582461304051,7748.235381927741,-3.347079376309921,-0.04317930426488478,3471.7287697006113,3472.0454699968486,0.31670029623728624,0.009122264936168883,0.5571062293122395,3.922440515435966,-7.826626121056506,1.8649759234255725,1.8649759234255725,0.0,2.1075940520227148,2.1085044895917147
50,0,1.0,mixed,7580.075149255044,7576.56889667036,-3.506252584684262,-0.046256171814191706,3382.990628875388,3383.2203719094928,0.22974303410455832,0.006791122391637605,0.3979330209373302,3.922440515435966,-7.826626121056506,1.824975923425573,1.824975923425573,0.0,2.1090541682530906,2.1100301874419247
50,0,1.0,led,7387.12942319991,7383.444100755804,-3.6853224441056227,-0.04988842394627003,3283.1602204470123,3283.2921365612183,0.13191611420597837,0.004017961517212145,0.21886316151554297,3.922440515435966,-7.826626121056506,1.7799759234255725,1.7799759234255725,0.0,2.1107778402038226,2.1118313996054883
50,0,1.0,full_led,7322.814181181532,7319.0691687842855,-3.7450123972466827,-0.05114171006647648,3249.8834176375535,3249.9827247784597,0.09930714090614856,0.0030557139486049063,0.15917320837493776,3.922440515435966,-7.826626121056506,1.7649759234255729,1.7649759234255729,0.0,2.111372582543582,2.1124529270948478
50,1,0.0,incandescent,8119.380667709268,8113.69090046371,-5.6897672455579595,-0.070076370088006,3711.4264376211863,3710.346467026429,-1.0799705947574694,-0.029098531599879136,1.3131789690933147,0.0,-7.002946214651274,2.0049759234255733,2.0049759234255733,0.0,2.163168572580704,2.1646855056068546
50,1,0.0,fluorescent,7304.720935476483,7298.275095491145,-6.445839985337443,-0.08824211139993378,3289.9202687013753,3288.427251111489,-1.4930175898862217,-0.04538157365362407,0.5571062293122395,0.0,-7.002946214651274,1.8149759234255725,1.8149759234255725,0.0,2.176563516888263,2.178485858806623
50,1,0.0,mixed,7133.213623427476,7126.608610233762,-6.605013193713603,-0.09259519681312901,3201.182127876152,3199.602153024134,-1.57997485201804,-0.04935598128764657,0.3979330209373302,0.0,-7.002946214651274,1.7749759234255729,1.7749759234255729,0.0,2.1797733686457152,2.1817936047280697
50,1,0.0,led,6940.267897372343,6933.483814319207,-6.784083053135873,-0.09774958479202794,3101.3517194477763,3099.6739176758592,-1.6778017719170748,-0.05409904853409605,0.21886316151554297,0.0,-7.002946214651274,1.7299759234255727,1.7299759234255727,0.0,2.183574080035974,2.185710603075235
50,1,0.0,full_led,6875.952655353965,6869.108882347689,-6.843773006276024,-0.09953199722728043,3068.074916638318,3066.364505893101,-1.7104107452169046,-0.05574866297890135,0.15917320837493776,0.0,-7.002946214651274,1.7149759234255728,1.7149759234255728,0.0,2.1848883845222815,2.187065214210649
50,1,0.25,incandescent,8184.825644545357,8180.403425997855,-4.4222185475018705,-0.05402947771341941,3735.029239944624,3734.6387855694197,-0.3904543752041718,-0.010453850562357599,1.3131789690933147,1.2675486980564443,-7.002946214651274,2.0049759234255733,2.0049759234255733,0.0,2.1458721116329444,2.1470321418855445
50,1,0.25,fluorescent,7370.165912312573,7364.9876210252905,-5.1782912872822635,-0.07026017255095206,3313.523071024813,3312.71956965448,-0.8035013703329241,-0.024249155750843035,0.5571062293122395,1.2675486980564443,-7.002946214651274,1.8149759234255725,1.8149759234255725,0.0,2.1572362519881523,2.158752995567787
50,1,0.25,mixed,7198.658600263564,7193.321135767907,-5.337464495656604,-0.07414526500063753,3224.78493019959,3223.8944715671246,-0.8904586324651973,-0.027612961848283154,0.3979330209373302,1.2675486980564443,-7.002946214651274,1.7749759234255729,1.7749759234255729,0.0,2.159956451975474,2.1615591457322223
50,1,0.25,led,7005.7128742084315,7000.196339853353,-5.516534355078875,-0.07874336922068309,3124.954521771214,3123.966236218849,-0.9882855523646867,-0.0316255979240469,0.21886316151554297,1.2675486980564443,-7.002946214651274,1.7299759234255727,1.7299759234255727,0.0,2.163175876790457,2.164880576696152
50,1,0.25,full_led,6941.397632190054,6935.821407881835,-5.576224308219025,-0.08033287536158179,3091.6777189617555,3090.656824436091,-1.0208945256645166,-0.0330207291466121,0.15917320837493776,1.2675486980564443,-7.002946214651274,1.7149759234255728,1.7149759234255728,0.0,2.16428879099786,2.1660288242335275
50,1,0.5,incandescent,8250.270621381445,8247.115951532,-3.1546698494457814,-0.03823716813931075,3758.6320422680615,3758.9311041124097,0.29906184434821625,0.007956667239173381,1.3131789690933147,2.5350973961128886,-7.002946214651274,2.0049759234255733,2.0049759234255733,0.0,2.128850057801756,2.12966438115198
50,1,0.5,fluorescent,7435.610889148661,7431.700146559436,-3.910742589225265,-0.05259477193639196,3337.1258733482505,3337.0118881974704,-0.11398515078008131,-0.003415668305784228,0.5571062293122395,2.5350973961128886,-7.002946214651274,1.8149759234255725,1.8149759234255725,0.0,2.1382492072589327,2.139374406348818
50,1,0.5,mixed,7264.103577099654,7260.033661302053,-4.069915797601425,-0.05602777761088071,3248.3877325230274,3248.1867901101155,-0.20094241291189974,-0.006185912195765727,0.3979330209373302,2.5350973961128886,-7.002946214651274,1.7749759234255729,1.7749759234255729,0.0,2.1404966110651467,2.1416965560486694
50,1,0.5,led,7071.157851044521,7066.908865387497,-4.248985657023695,-0.060088966284298884,3148.5573240946514,3148.25855476184,-0.2987693328113892,-0.009489086653275353,0.21886316151554297,2.5350973961128886,-7.002946214651274,1.7299759234255727,1.7299759234255727,0.0,2.143155252427217,2.1444438265551415
50,1,0.5,full_led,7006.842609026143,7002.53393341598,-4.308675610162936,-0.06149239893889645,3115.280521285193,3114.949142979082,-0.331378306111219,-0.010637189936735153,0.15917320837493776,2.5350973961128886,-7.002946214651274,1.7149759234255728,1.7149759234255728,0.0,2.144074004153497,2.145393257934474
50,1,0.75,incandescent,8315.715598217535,8313.828477066147,-1.887121151388783,-0.02269343063864865,3782.234844591499,3783.2234226554006,0.9885780639015138,0.026137405648281084,1.3131789690933147,3.8026460941693188,-7.002946214651274,2.0049759234255733,2.0049759234255733,0.0,2.112095932305905,2.1125753481272214
50,1,0.75,fluorescent,7501.055865984749,7498.412672093581,-2.6431938911682664,-0.03523762438771364,3360.728675671688,3361.304206740461,0.5755310687727615,0.01712518695540733,0.5571062293122395,3.8026460941693188,-7.002946214651274,1.8149759234255725,1.8149759234255725,0.0,2.119593477673792,2.1203406353426146
50,1,0.75,mixed,7329.548553935742,7326.746186836198,-2.8023670995444263,-0.038233829531556095,3271.990534846465,3272.479108653106,0.4885738066409431,0.014932005500555916,0.3979330209373302,3.8026460941693188,-7.002946214651274,1.7749759234255729,1.7749759234255729,0.0,2.121384281008521,2.1221956776862534
50,1,0.75,led,7136.60282788061,7133.621390921644,-2.981436958965787,-0.04177669727280029,3172.160126418089,3172.550873304831,0.3907468867419084,0.01231800637955589,0.21886316151554297,3.8026460941693188,-7.002946214651274,1.7299759234255727,1.7299759234255727,0.0,2.123501819381554,2.1243893190762804
50,1,0.75,full_led,7072.287585862232,7069.246458950125,-3.041126912106847,-0.04300061154450469,3138.8833236086307,3139.2414615220728,0.35813791344207857,0.011409723666642817,0.15917320837493776,3.8026460941693188,-7.002946214651274,1.7149759234255728,1.7149759234255728,0.0,2.124233341308113,2.125147167586396
50,1,1.0,incandescent,8381.160575053624,8380.54100260029,-0.6195724533336033,-0.0073924422254568155,3805.8376469149366,3807.5157411983914,1.6780942834548114,0.04409263975869011,1.3131789690933147,5.070194792225777,-7.002946214651274,2.0049759234255733,2.0049759234255733,0.0,2.0956034587245274,2.095758386452431
50,1,1.0,fluorescent,7566.500842820839,7565.125197627726,-1.3756451931130869,-0.018180731380190236,3384.3314779951256,3385.5965252834517,1.265047288326059,0.037379532606406266,0.5571062293122395,5.070194792225777,-7.002946214651274,1.8149759234255725,1.8149759234255725,0.0,2.101260466295104,2.101642560283561
50,1,1.0,mixed,7394.9935307718315,7393.458712370344,-1.5348184014874278,-0.020754830887962053,3295.593337169903,3296.7714271960963,1.1780900261933311,0.03574743318315536,0.3979330209373302,5.070194792225777,-7.002946214651274,1.7749759234255729,1.7749759234255729,0.0,2.102610235493358,2.10304671928344
50,1,1.0,led,7202.047804716698,7200.333916455788,-1.7138882609096981,-0.02379723527782271,3195.7629287415266,3196.8431918478213,1.0802631062947512,0.033802980082760795,0.21886316151554297,5.070194792225777,-7.002946214651274,1.7299759234255727,1.7299759234255727,0.0,2.1042055676557876,2.104706429596746
50,1,1.0,full_led,7137.73256269832,7135.95898448427,-1.7735782140498486,-0.024847921920170293,3162.486125932068,3163.533780065063,1.0476541329953761,0.033127548747319956,0.15917320837493776,5.070194792225777,-7.002946214651274,1.7149759234255728,1.7149759234255728,0.0,2.104756511573293,2.10527962981191
50,2,0.0,incandescent,7884.8570674321045,7879.9196926106015,-4.937374821502999,-0.06261844418076402,3605.191351371276,3604.420219313722,-0.7711320575540412,-0.021389490387541628,1.3131789690933147,0.0,-6.250553790596314,1.9549759234255726,1.9549759234255726,0.0,2.17195935737937,2.173320256711188
50,2,0.0,fluorescent,7070.197335199319,7064.503887638035,-5.693447561284302,-0.08052742082514723,3183.685182451465,3182.5010033987824,-1.1841790526827936,-0.037195230835322904,0.5571062293122395,0.0,-6.250553790596314,1.7649759234255729,1.7649759234255729,0.0,2.1868115352641913,2.188573937408838
50,2,0.0,mixed,6898.690023150313,6892.837402380655,-5.8526207696586425,-0.08483669725728626,3094.947041626242,3093.675905311427,-1.2711363148150667,-0.04107134298967349,0.3979330209373302,0.0,-6.250553790596314,1.724975923425573,1.724975923425573,0.0,2.1903852816259195,2.192245109973005
50,2,0.0,led,6705.744297095179,6699.712606466099,-6.031690629080003,-0.08994811555359836,2995.1166331978666,2993.747669963152,-1.3689632347145562,-0.04570650837236088,0.21886316151554297,0.0,-6.250553790596314,1.679975923425573,1.679975923425573,0.0,2.194624256040155,2.1966000563971333
50,2,0.0,full_led,6641.429055076801,6635.337674494581,-6.091380582220154,-0.09171791991911467,2961.8398303884073,2960.4382581803934,-1.4015722080139312,-0.04732099938807741,0.15917320837493776,0.0,-6.250553790596314,1.664975923425573,1.664975923425573,0.0,2.196091980845432,2.1981080398171273
50,2,0.25,incandescent,7968.126378880339,7964.76611887475,-3.3602600055892253,-0.04217126895095005,3636.003627410641,3636.088284081758,0.08465667111704533,0.0023282889620584095,1.3131789690933147,1.5771148159132622,-6.250553790596314,1.9549759234255726,1.9549759234255726,0.0,2.1492617304112667,2.1501684837454453
50,2,0.25,fluorescent,7153.466646647554,7149.350313902183,-4.116332745370528,-0.0575431877815441,3214.49745849083,3214.1690681668183,-0.328390324011707,-0.010215914874789869,0.5571062293122395,1.5771148159132622,-6.250553790596314,1.7649759234255729,1.7649759234255729,0.0,2.1613561442204876,2.1626005735294784
50,2,0.25,mixed,6981.959334598547,6977.683828644802,-4.275505953744869,-0.06123647745351276,3125.759317665607,3125.343970079463,-0.41534758614398015,-0.013287894042148193,0.3979330209373302,1.5771148159132622,-6.250553790596314,1.724975923425573,1.724975923425573,0.0,2.164261973616446,2.165588103487174
50,2,0.25,led,6789.013608543412,6784.559032730246,-4.45457581316623,-0.06561447759598706,3025.928909237231,3025.415734731188,-0.5131745060430148,-0.016959238681267454,0.21886316151554297,1.5771148159132622,-6.250553790596314,1.679975923425573,1.679975923425573,0.0,2.1677065237707596,2.1691297869488446
50,2,0.25,full_led,6724.6983665250345,6720.184100758727,-4.51426576630729,-0.06712963943154555,2992.6521064277717,2992.10632294843,-0.5457834793419352,-0.018237451595849493,0.15917320837493776,1.5771148159132622,-6.250553790596314,1.664975923425573,1.664975923425573,0.0,2.1688986322140225,2.170355584092006
50,2,0.5,incandescent,8051.3956903285725,8049.612545138896,-1.783145189676361,-0.02214703212038498,3666.8159034500054,3667.7563488497935,0.9404453997881319,0.025647467027272705,1.3131789690933147,3.1542296318265244,-6.250553790596314,1.9549759234255726,1.9549759234255726,0.0,2.1270335911796594,2.1275047703445105
50,2,0.5,fluorescent,7236.735958095786,7234.19674016633,-2.539217929456754,-0.035087889680652413,3245.3097345301944,3245.8371329348543,0.5273984046598343,0.016251096129540402,0.5571062293122395,3.1542296318265244,-6.250553790596314,1.7649759234255729,1.7649759234255729,0.0,2.136486556748209,2.137236467922288
50,2,0.5,mixed,7065.22864604678,7062.530254908948,-2.6983911378320045,-0.03819255218784519,3156.5715937049713,3157.012034847499,0.44044114252756117,0.013953149150993943,0.3979330209373302,3.1542296318265244,-6.250553790596314,1.724975923425573,1.724975923425573,0.0,2.138754433327927,2.139571590324158
50,2,0.5,led,6872.282919991647,6869.405458994393,-2.877460997254275,-0.04187052586097215,3056.7411852765954,3057.0837994992235,0.34261422262807173,0.011208479941917935,0.21886316151554297,3.1542296318265244,-6.250553790596314,1.679975923425573,1.679975923425573,0.0,2.1414410990556116,2.1423381072868524
50,2,0.5,full_led,6807.967677973268,6805.030527022874,-2.9371509503944253,-0.043142845109229645,3023.4643824671366,3023.7743877164653,0.31000524932869666,0.010253312429489691,0.15917320837493776,3.1542296318265244,-6.250553790596314,1.664975923425573,1.664975923425573,0.0,2.1423704957350838,2.143295174252345
50,2,0.75,incandescent,8134.665001776805,8134.458971403043,-0.20603037376258726,-0.0025327456473940267,3697.62817948937,3699.4244136178295,1.7962341284596732,0.04857800842235379,1.3131789690933147,4.731344447739758,-6.250553790596314,1.9549759234255726,1.9549759234255726,0.0,2.1052605221563985,2.1053138444011563
50,2,0.75,fluorescent,7320.005269544021,7319.043166430476,-0.9621031135447993,-0.013143475695950296,3276.122010569559,3277.50519770289,1.3831871333313757,0.04222025702549785,0.5571062293122395,4.731344447739758,-6.250553790596314,1.7649759234255729,1.7649759234255729,0.0,2.1121827812797638,2.112460432003231
50,2,0.75,mixed,7148.497957495014,7147.376681173096,-1.1212763219182307,-0.0156854814617748,3187.383869744336,3188.680099615535,1.2962298711986477,0.040667516815369335,0.3979330209373302,4.731344447739758,-6.250553790596314,1.724975923425573,1.724975923425573,0.0,2.1138411424409447,2.114172760617381
50,2,0.75,led,6955.55223143988,6954.25188525854,-1.300346181340501,-0.01869508182920099,3087.55346131596,3088.75186426726,1.1984029513000678,0.0388139984073115,0.21886316151554297,4.731344447739758,-6.250553790596314,1.679975923425573,1.679975923425573,0.0,2.1158045543368043,2.116200179692067
50,2,0.75,full_led,6891.236989421502,6889.876953287021,-1.3600361344806515,-0.019735733026862896,3054.276658506501,3055.4424524845012,1.165793978000238,0.03816923312278774,0.15917320837493776,4.731344447739758,-6.250553790596314,1.664975923425573,1.664975923425573,0.0,2.116483457410801,2.1169012433886385
50,2,1.0,incandescent,8217.93431322504,8219.305397667189,1.3710844421493675,0.016684052097409627,3728.4404555287347,3731.092478385865,2.652022857130305,0.07112954836646891,1.3131789690933147,6.308459263653049,-6.250553790596314,1.9549759234255726,1.9549759234255726,0.0,2.083928690163412,2.0835810644131336
50,2,1.0,fluorescent,7403.274580992254,7403.889592694623,0.6150117023689745,0.008307292882908917,3306.9342866089237,3309.1732624709257,2.2389758620020075,0.0677054839301918,0.5571062293122395,6.308459263653049,-6.250553790596314,1.7649759234255729,1.7649759234255729,0.0,2.08842572567878,2.088252248448368
50,2,1.0,mixed,7231.7672689432475,7232.223107437242,0.4558384939946336,0.006303279365090017,3218.1961457837006,3220.3481643835707,2.152018599870189,0.06687033674717567,0.3979330209373302,6.308459263653049,-6.250553790596314,1.724975923425573,1.724975923425573,0.0,2.0895015737164484,2.089369874896264
50,2,1.0,led,7038.821542888115,7039.098311522687,0.2767686345723632,0.003932030850419908,3118.3657373553247,3120.4199290352954,2.0541916799706996,0.06587398185412506,0.21886316151554297,6.308459263653049,-6.250553790596314,1.679975923425573,1.679975923425573,0.0,2.090774570649169,2.0906923639804296
50,2,1.0,full_led,6974.506300869735,6974.723379551168,0.21707868143312226,0.003112459464063458,3085.088934545866,3087.110517252537,2.0215827066713246,0.06552753419955809,0.15917320837493776,6.308459263653049,-6.250553790596314,1.664975923425573,1.664975923425573,0.0,2.091214554840852,2.091149468661307
50,3,0.0,incandescent,7662.787324772394,7658.557735808449,-4.2295889639444795,-0.05519648118473796,3504.5782620135283,3504.1018722300237,-0.4763897835046009,-0.013593355544895004,1.3131789690933147,0.0,-5.542767933036885,1.904975923425573,1.904975923425573,0.0,2.177743996007835,2.1789466979119734
50,3,0.0,fluorescent,6848.1275925396085,6843.141930835884,-4.9856617037248725,-0.07280328288795732,3083.0720930937173,3082.182656315085,-0.8894367786324437,-0.028849042506169095,0.5571062293122395,0.0,-5.542767933036885,1.7149759234255724,1.7149759234255724,0.0,2.1937659434929873,2.195364240731588
50,3,0.0,mixed,6676.6202804906015,6671.475445578501,-5.144834912100123,-0.07705747363128576,2994.333952268494,2993.3575582277294,-0.9763940407647169,-0.03260805428950252,0.3979330209373302,0.0,-5.542767933036885,1.6749759234255728,1.6749759234255728,0.0,2.197637198581234,2.1993319482172957
50,3,0.0,led,6483.674554435468,6478.350649663947,-5.323904771521484,-0.08211246148805251,2894.5035438401183,2893.4293228794545,-1.0742209606637516,-0.03711244240656862,0.21886316151554297,0.0,-5.542767933036885,1.6299759234255726,1.6299759234255726,0.0,2.202237168033066,2.204046965248584
50,3,0.0,full_led,6419.359312417091,6413.975717692429,-5.383594724662544,-0.08386498500323782,2861.22674103066,2860.119911096696,-1.1068299339640362,-0.038683754701849954,0.15917320837493776,0.0,-5.542767933036885,1.6149759234255727,1.6149759234255727,0.0,2.2038319403375404,2.205681734993812
50,3,0.25,incandescent,7766.451048598821,7764.054676358654,-2.3963722401667837,-0.030855434807628427,3543.78824340312,3544.3104717402734,0.5222283371535923,0.014736443074039138,1.3131789690933147,1.8332167237764452,-5.542767933036885,1.904975923425573,1.904975923425573,0.0,2.1486762724421857,2.149339460478208
50,3,0.25,fluorescent,6951.791316366037,6948.638871386088,-3.1524449799489958,-0.04534723262661022,3122.2820744833093,3122.3912558253337,0.10918134202438523,0.00349684427671235,0.5571062293122395,1.8332167237764452,-5.542767933036885,1.7149759234255724,1.7149759234255724,0.0,2.161052943841991,2.1620333661420004
50,3,0.25,mixed,6780.28400431703,6776.972386128707,-3.3116181883233367,-0.04884188016630008,3033.543933658086,3033.5661577379783,0.02222407989211206,0.0007326111102440014,0.3979330209373302,1.8332167237764452,-5.542767933036885,1.6749759234255728,1.6749759234255728,0.0,2.1640375358710346,2.1650950089808076
50,3,0.25,led,6587.3382782618955,6583.847590214151,-3.4906880477446975,-0.05299087279704321,2933.7135252297103,2933.637922389704,-0.07560284000646789,-0.0025770355338477764,0.21886316151554297,1.8332167237764452,-5.542767933036885,1.6299759234255726,1.6299759234255726,0.0,2.1675809691339394,2.168730198194576
50,3,0.25,full_led,6523.023036243518,6519.472658242632,-3.5503780008857575,-0.05442841426680522,2900.436722420251,2900.328510606945,-0.10821181330584295,-0.0037308799902225167,0.15917320837493776,1.8332167237764452,-5.542767933036885,1.6149759234255727,1.6149759234255727,0.0,2.168808696612408,2.169989787643574
50,3,0.5,incandescent,7870.11477242525,7869.55161690886,-0.5631555163899975,-0.007155620123395683,3582.998224792712,3584.5190712505223,1.5208464578104213,0.04244619624109379,1.3131789690933147,3.6664334475528904,-5.542767933036885,1.904975923425573,1.904975923425573,0.0,2.120374298438037,2.1205260352257356
50,3,0.5,fluorescent,7055.455040192465,7054.135811936293,-1.3192282561722095,-0.01869798969247237,3161.492055872901,3162.5998553355835,1.1077994626825785,0.03504040001064341,0.5571062293122395,3.6664334475528904,-5.542767933036885,1.7149759234255724,1.7149759234255724,0.0,2.1293012291377593,2.1296994401195533
50,3,0.5,mixed,6883.947728143457,6882.46932667891,-1.47840146454746,-0.021476070460316705,3072.7539150476778,3073.7747572482276,1.0208422005498505,0.033222387108536505,0.3979330209373302,3.6664334475528904,-5.542767933036885,1.6749759234255728,1.6749759234255728,0.0,2.131449811744161,2.1319076617357444
50,3,0.5,led,6691.002002088324,6689.344530764356,-1.6574713239679113,-0.024771645912683916,2972.923506619302,2973.8465218999527,0.9230152806508158,0.03104739420962884,0.21886316151554297,3.6664334475528904,-5.542767933036885,1.6299759234255726,1.6299759234255726,0.0,2.1339986275226845,2.1345273850884277
50,3,0.5,full_led,6626.686760069946,6624.969598792837,-1.7171612771089713,-0.025912817962906794,2939.646703809843,2940.5371101171945,0.8904063073514408,0.030289568681755388,0.15917320837493776,3.6664334475528904,-5.542767933036885,1.6149759234255727,1.6149759234255727,0.0,2.1348812161235595,2.1354345673957256
50,3,0.75,incandescent,7973.778496251677,7975.048557459063,1.2700612073858792,0.015927972014558856,3622.2082061823035,3624.727670760772,2.5194645784686145,0.06955603971545449,1.3131789690933147,5.4996501713293355,-5.542767933036885,1.904975923425573,1.904975923425573,0.0,2.0928082084362565,2.0924749196166483
50,3,0.75,fluorescent,7159.118764018893,7159.632752486497,0.5139884676045767,0.00717949351794299,3200.7020372624925,3202.8084548458323,2.106417583339862,0.06581111140046783,0.5571062293122395,5.4996501713293355,-5.542767933036885,1.7149759234255724,1.7149759234255724,0.0,2.0984690412894467,2.09831839265646
50,3,0.75,mixed,6987.611451969885,6987.966267229115,0.3548152592302358,0.005077776027890181,3111.9638964372693,3113.983356758477,2.019460321207589,0.0648934366982717,0.3979330209373302,5.4996501713293355,-5.542767933036885,1.6749759234255728,1.6749759234255728,0.0,2.0998289887843713,2.0997223695852365
50,3,0.75,led,6794.665725914752,6794.841471314559,0.17574539980705595,0.002586520174741866,3012.1334880088934,3014.055121410202,1.9216334013085543,0.06379642233514721,0.21886316151554297,5.4996501713293355,-5.542767933036885,1.6299759234255726,1.6299759234255726,0.0,2.1014409928585147,2.1013866400691197
50,3,0.75,full_led,6730.3504838963745,6730.4665393430405,0.11605544666599599,0.0017243596294677433,2978.856685199435,2980.745709627444,1.8890244280087245,0.06341441122006358,0.15917320837493776,5.4996501713293355,-5.542767933036885,1.6149759234255727,1.6149759234255727,0.0,2.101998866635225,2.1019626212403577
50,3,1.0,incandescent,8077.4422200781055,8080.545498009268,3.1032779311626655,0.03841906691017665,3661.4181875718955,3664.936270271021,3.5180826991254435,0.0960852467239885,1.3131789690933147,7.332866895105781,-5.542767933036885,1.904975923425573,1.904975923425573,0.0,2.065949670023967,2.0651562562600745
50,3,1.0,fluorescent,7262.78248784532,7265.129693036702,2.347205191381363,0.03231826363118467,3239.9120186520845,3243.0170543560816,3.105035703997146,0.09583703773810957,0.5571062293122395,7.332866895105781,-5.542767933036885,1.7149759234255724,1.7149759234255724,0.0,2.068517006305803,2.0678487135070776
50,3,1.0,mixed,7091.275175796313,7093.463207779319,2.1880319830061126,0.030855268322885356,3151.1738778268614,3154.1919562687262,3.0180784418648727,0.09577632205894729,0.3979330209373302,7.332866895105781,-5.542767933036885,1.6749759234255728,1.6749759234255728,0.0,2.0691326630912106,2.0684944235865688
50,3,1.0,led,6898.329449741181,6900.338411864765,2.008962123583842,0.029122443893415624,3051.3434693984855,3054.2637209204513,2.920251521965838,0.09570379576251081,0.21886316151554297,7.332866895105781,-5.542767933036885,1.6299759234255726,1.6299759234255726,0.0,2.069861869201352,2.0692592503371636
50,3,1.0,full_led,6834.014207722803,6835.963479893246,1.9492721704427822,0.02852309215629081,3018.066666589026,3020.954309137693,2.8876425486669177,0.0956785541099557,0.15917320837493776,7.332866895105781,-5.542767933036885,1.6149759234255727,1.6149759234255727,0.0,2.0701140880305653,2.069523795851078
50,4,0.0,incandescent,7451.17341872414,7447.622956121314,-3.5504626028259736,-0.047649711036170155,3408.6653920265067,3408.476862899172,-0.18852912733473204,-0.0055308780901679655,1.3131789690933147,0.0,-4.863641571919288,1.8549759234255725,1.8549759234255725,0.0,2.180809407599377,2.1818490523680754
50,4,0.0,fluorescent,6636.513686491355,6632.2071511487475,-4.306535342607276,-0.06489153109671487,2987.1592231066957,2986.557646984233,-0.6015761224625749,-0.020138736422524058,0.5571062293122395,0.0,-4.863641571919288,1.6649759234255728,1.6649759234255728,0.0,2.197718527861431,2.1991455871039483
50,4,0.0,mixed,6465.006374442349,6460.540665891367,-4.465708550981617,-0.06907508349312053,2898.4210822814725,2897.7325488968777,-0.688533384594848,-0.02375546426997673,0.3979330209373302,0.0,-4.863641571919288,1.624975923425573,1.624975923425573,0.0,2.201821354033215,2.2033433152678765
50,4,0.0,led,6272.060648387215,6267.415869976811,-4.644778410403887,-0.07405506213652822,2798.590673853096,2797.8043135486023,-0.7863603044938827,-0.02809843939811401,0.21886316151554297,0.0,-4.863641571919288,1.5799759234255728,1.5799759234255728,0.0,2.206705238535434,2.208340626558618
50,4,0.0,full_led,6207.745406368837,6203.040938005292,-4.704468363544947,-0.07578384833112513,2765.313871043637,2764.4949017658437,-0.8189692777932578,-0.029615780196559624,0.15917320837493776,0.0,-4.863641571919288,1.564975923425573,1.564975923425573,0.0,2.2084006659073157,2.2100755462072565
50,4,0.25,incandescent,7577.94623759065,7576.4509616882015,-1.4952759024481566,-0.01973194128813941,3457.5154265512615,3458.454298283139,0.938871731877498,0.027154520401199957,1.3131789690933147,2.05518670037803,-4.863641571919288,1.8549759234255725,1.8549759234255725,0.0,2.144326256710743,2.1447494574144574
50,4,0.25,fluorescent,6763.286505357864,6761.035156715636,-2.2513486422285496,-0.03328779049128016,3036.0092576314505,3036.5350823681997,0.5258247367492004,0.017319602548228848,0.5571062293122395,2.05518670037803,-4.863641571919288,1.6649759234255728,1.6649759234255728,0.0,2.1565239144687505,2.1572420126703182
50,4,0.25,mixed,6591.779193308857,6589.3686714582545,-2.4105218506028905,-0.03656860735034553,2947.2711168062274,2947.7099842808443,0.4388674746169272,0.014890638058859693,0.3979330209373302,2.05518670037803,-4.863641571919288,1.624975923425573,1.624975923425573,0.0,2.1594760188049653,2.160265997995496
50,4,0.25,led,6398.833467253725,6396.243875543699,-2.5895917100260704,-0.040469746919941034,2847.440708377851,2847.781748932569,0.3410405547178925,0.011977090645451183,0.21886316151554297,2.05518670037803,-4.863641571919288,1.5799759234255728,1.5799759234255728,0.0,2.1629862943046985,2.1638620037813254
50,4,0.25,full_led,6334.518225235347,6331.86894357218,-2.6492816631671303,-0.04182293852455845,2814.163905568392,2814.4723371498103,0.30843158141851745,0.010959972189545295,0.15917320837493776,2.05518670037803,-4.863641571919288,1.564975923425573,1.564975923425573,0.0,2.1642039065565526,2.1651094189378246
50,4,0.5,incandescent,7704.719056457159,7705.278967255089,0.5599107979296605,0.0072671150476331945,3506.3654610760163,3508.4317336671056,2.066272591089273,0.05892918505007135,1.3131789690933147,4.11037340075606,-4.863641571919288,1.8549759234255725,1.8549759234255725,0.0,2.1090436873995535,2.108890431905638
50,4,0.5,fluorescent,6890.059324224375,6889.863162282523,-0.19616194185164204,-0.002847028343601734,3084.859292156205,3086.5125177521663,1.6532255959614304,0.053591604653250996,0.5571062293122395,4.11037340075606,-4.863641571919288,1.6649759234255728,1.6649759234255728,0.0,2.1168452117572873,2.1169054806563286
50,4,0.5,mixed,6718.552012175368,6718.196677025142,-0.35533515022598294,-0.005288865064705076,2996.1211513309822,2997.687419664811,1.5662683338287025,0.05227653538418869,0.3979330209373302,4.11037340075606,-4.863641571919288,1.624975923425573,1.624975923425573,0.0,2.1187287176480463,2.1188407802778513
50,4,0.5,led,6525.6062861202345,6525.071881110586,-0.5344050096482533,-0.008189354156791784,2896.290742902606,2897.7591843165355,1.4684414139296678,0.05070075984353783,0.21886316151554297,4.11037340075606,-4.863641571919288,1.5799759234255728,1.5799759234255728,0.0,2.1209660041315286,2.121139711774686
50,4,0.5,full_led,6461.291044101857,6460.696949139067,-0.5940949627893133,-0.009194678876625263,2863.0139400931466,2864.449772533777,1.4358324406302927,0.05015108101721568,0.15917320837493776,4.11037340075606,-4.863641571919288,1.564975923425573,1.564975923425573,0.0,2.121741459351588,2.121936564604669
50,4,0.75,incandescent,7831.491875323669,7834.106972821977,2.615097498308387,0.03339207318273962,3555.215495600771,3558.4091690510727,3.193673450301503,0.0898306573610899,1.3131789690933147,6.165560101134076,-4.863641571919288,1.8549759234255725,1.8549759234255725,0.0,2.0749033961727035,2.0742107741930207
50,4,0.75,fluorescent,7016.832143090884,7018.691167849411,1.8590247585270845,0.026493789798827827,3133.70932668096,3136.489953136133,2.780626455172751,0.08873274976392996,0.5571062293122395,6.165560101134076,-4.863641571919288,1.6649759234255728,1.6649759234255728,0.0,2.0786002560385186,2.078049701918577
50,4,0.75,mixed,6845.324831041877,6847.024682592029,1.6998515501527436,0.024832299300748036,3044.971185855737,3047.664855048777,2.693669193040023,0.08846287956853074,0.3979330209373302,6.165560101134076,-4.863641571919288,1.624975923425573,1.624975923425573,0.0,2.0794906656082595,2.078974408460765
50,4,0.75,led,6652.379104986744,6653.899886677474,1.5207816907295637,0.022860718950751893,2945.1407774273607,2947.736619700502,2.595842273141443,0.08813983674522217,0.21886316151554297,6.165560101134076,-4.863641571919288,1.5799759234255728,1.5799759234255728,0.0,2.080547255467275,2.080071736113708
50,4,0.75,full_led,6588.063862968365,6589.524954705955,1.4610917375894132,0.02217786238840577,2911.8639746179015,2914.4272079177435,2.563233299842068,0.08802723348979304,0.15917320837493776,6.165560101134076,-4.863641571919288,1.564975923425573,1.564975923425573,0.0,2.080913205208534,2.08045180547006
50,4,1.0,incandescent,7958.2646941901785,7962.934978388865,4.670284198686204,0.058684705499877136,3604.065530125526,3608.386604435039,4.321074309512824,0.11989444346652389,1.3131789690933147,8.22074680151212,-4.863641571919288,1.8549759234255725,1.8549759234255725,0.0,2.041850794567163,2.040653243221105
50,4,1.0,fluorescent,7143.604961957393,7147.519173416298,3.9142114589049015,0.05479322386595664,3182.559361205715,3186.4673885200996,3.908027314384526,0.12279511144464457,0.5571062293122395,8.22074680151212,-4.863641571919288,1.6649759234255728,1.6649759234255728,0.0,2.041712716041843,2.0405946084698274
50,4,1.0,mixed,6972.097649908386,6975.852688158917,3.7550382505305606,0.05385808459782404,3093.821220380492,3097.642290432744,3.821070052252253,0.12350649181281137,0.3979330209373302,8.22074680151212,-4.863641571919288,1.624975923425573,1.624975923425573,0.0,2.0416795351962786,2.040580517614815
50,4,1.0,led,6779.151923853253,6782.727892244361,3.5759683911082902,0.05274949479337998,2993.990811952116,2997.714055084469,3.7232431323527635,0.1243571996777494,0.21886316151554297,8.22074680151212,-4.863641571919288,1.5799759234255728,1.5799759234255728,0.0,2.041640199935372,2.0405638128331662
50,4,1.0,full_led,6714.836681834875,6718.352960272842,3.5162784379672303,0.05236580730964827,2960.7140091426563,2964.40464330171,3.690634159053843,0.12465351761964176,0.15917320837493776,8.22074680151212,-4.863641571919288,1.564975923425573,1.564975923425573,0.0,2.041626585840043,2.0405580311534077
60,0,0.0,incandescent,9899.86794789944,9887.000322117576,-12.867625781864263,-0.1299777517193502,4503.543149302707,4499.701625048404,-3.8415242543032946,-0.08530004325367874,0.15220103107958494,0.0,-13.019826812943393,2.3299759234255726,2.3299759234255726,0.0,2.061703165802201,2.0643864088432156
60,0,0.0,fluorescent,9087.209043194334,9074.253786515788,-12.955256678545993,-0.142565848512625,4092.018840882079,4088.002772649443,-4.0160682326359165,-0.09814393307559184,0.06457013439739967,0.0,-13.019826812943393,2.139975923425572,2.139975923425572,0.0,2.0629204192510087,2.065865638127135
60,0,0.0,mixed,8916.122957993259,8903.149252704887,-12.973705288372003,-0.14550837117764445,4005.3821443724737,4001.329330039136,-4.052814333337665,-0.10118421132505004,0.04612152456957119,0.0,-13.019826812943393,2.0999759234255726,2.0999759234255726,0.0,2.0632049575669305,2.066211468219422
60,0,0.0,led,8723.651112142052,8710.656652167621,-12.994459974430356,-0.1489566674249955,3907.9158607991667,3903.82170710254,-4.094153696626563,-0.10476565623368643,0.025366838513235734,0.0,-13.019826812943393,2.0549759234255722,2.0549759234255722,0.0,2.063538403565042,2.0666167670296556
60,0,0.0,full_led,8659.493830191648,8646.492451988534,-13.001378203114655,-0.15014016359460716,3875.427099608065,3871.319166123675,-4.107933484389832,-0.10599950350776258,0.0184486098278569,0.0,-13.019826812943393,2.0399759234255725,2.0399759234255725,0.0,2.0636528461863364,2.0667558768409267
60,0,0.25,incandescent,9903.043791134543,9890.21293478786,-12.830856346683504,-0.12956477439966502,4504.392470226186,4500.575744991893,-3.8167252342927895,-0.0847334076575511,0.15220103107958494,0.03676943518148912,-13.019826812943393,2.3299759234255726,2.3299759234255726,0.0,2.06104199069382,2.0637158394654738
60,0,0.25,fluorescent,9090.384886429438,9077.466399186073,-12.918487243365234,-0.14211155418348206,4092.8681618055575,4088.876892592932,-3.9912692126254115,-0.09751765888458704,0.06457013439739967,0.03676943518148912,-13.019826812943393,2.139975923425572,2.139975923425572,0.0,2.062199711388813,2.0651345061314554
60,0,0.25,mixed,8919.298801228362,8906.361865375171,-12.936935853191244,-0.14504431504648746,4006.2314652959512,4002.203449982625,-4.02801531332625,-0.10054374911232668,0.04612152456957119,0.03676943518148912,-13.019826812943393,2.0999759234255726,2.0999759234255726,0.0,2.062470324088095,2.0654661653401294
60,0,0.25,led,8726.826955377155,8713.869264837907,-12.957690539247778,-0.14848112155201745,3908.765181722645,3904.695827046029,-4.069354676616058,-0.10410844569646517,0.025366838513235734,0.03676943518148912,-13.019826812943393,2.0549759234255722,2.0549759234255722,0.0,2.062787446256865,2.065854850708834
60,0,0.25,full_led,8662.669673426752,8649.705064658818,-12.964608767933896,-0.14966066185928334,3876.2764205315434,3872.193286067164,-4.083134464379327,-0.10533651425765497,0.0184486098278569,0.03676943518148912,-13.019826812943393,2.0399759234255725,2.0399759234255725,0.0,2.062896285197838,2.0659882568970453
60,0,0.5,incandescent,9906.219634369645,9893.425547458144,-12.794086911500926,-0.1291520618734499,4505.241791149663,4501.449864935382,-3.791926214281375,-0.08416698570386248,0.15220103107958494,0.07353887036297824,-13.019826812943393,2.3299759234255726,2.3299759234255726,0.0,2.0603812395188013,2.063045705584956
60,0,0.5,fluorescent,9093.56072966454,9080.679011856357,-12.881717808182657,-0.14165757717063007,4093.7174827290355,4089.7510125364206,-3.9664701926149064,-0.0968916445589865,0.06457013439739967,0.07353887036297824,-13.019826812943393,2.139975923425572,2.139975923425572,0.0,2.0614795069279266,2.0644038914635905
60,0,0.5,mixed,8922.474644463466,8909.574478045455,-12.900166418010485,-0.1445805892652801,4007.0807862194306,4003.077569926114,-4.003216293316655,-0.09990355839802216,0.04612152456957119,0.07353887036297824,-13.019826812943393,2.0999759234255726,2.0999759234255726,0.0,2.061736213576453,2.0647213999431773
60,0,0.5,led,8730.002798612257,8717.08187750819,-12.92092110406702,-0.14800592167188037,3909.6145026461236,3905.569946989518,-4.044555656605553,-0.10345152070282372,0.025366838513235734,0.07353887036297824,-13.019826812943393,2.0549759234255722,2.0549759234255722,0.0,2.0620370353225534,2.0650934959846716
60,0,0.5,full_led,8665.845516661855,8652.917677329102,-12.927839332753138,-0.14918151157779966,3877.125741455022,3873.0674060106526,-4.058335444369277,-0.10467381547564279,0.0184486098278569,0.07353887036297824,-13.019826812943393,2.0399759234255725,2.0399759234255725,0.0,2.062140278735518,2.06522120694947
60,0,0.75,incandescent,9909.395477604747,9896.638160128428,-12.757317476318349,-0.12873961388613372,4506.091112073142,4502.323984878871,-3.76712719427087,-0.08360077727184942,0.15220103107958494,0.11030830554446602,-13.019826812943393,2.3299759234255726,2.3299759234255726,0.0,2.059720911869547,2.0623760067775527
60,0,0.75,fluorescent,9096.736572899643,9083.891624526641,-12.844948373001898,-0.14120391714176558,4094.566803652514,4090.62513247991,-3.9416711726039466,-0.0962658899370703,0.06457013439739967,0.11030830554446602,-13.019826812943393,2.139975923425572,2.139975923425572,0.0,2.0607598053411085,2.0636737935746643
60,0,0.75,mixed,8925.65048769857,8912.78709071574,-12.863396982829727,-0.14411719348139615,4007.930107142908,4003.951689869603,-3.97841727330524,-0.09926363900944604,0.04612152456957119,0.11030830554446602,-13.019826812943393,2.0999759234255726,2.0999759234255726,0.0,2.0610026254737734,2.06397717144736
60,0,0.75,led,8733.17864184736,8720.294490178474,-12.884151668886261,-0.14753106740709968,3910.463823569602,3906.444066933007,-4.019756636595048,-0.10279488106670885,0.025366838513235734,0.11030830554446602,-13.019826812943393,2.0549759234255722,2.0549759234255722,0.0,2.061287170166036,2.0643327022364795
60,0,0.75,full_led,8669.021359896959,8656.130289999386,-12.891069897572379,-0.14870271236389715,3877.9750623785,3873.941525954141,-4.033536424358772,-0.10401140697085506,0.0184486098278569,0.11030830554446602,-13.019826812943393,2.0399759234255725,2.0399759234255725,0.0,2.0613848261899337,2.064454726363561
60,0,1.0,incandescent,9912.571320839852,9899.850772798713,-12.72054804113941,-0.12832743018348997,4506.94043299662,4503.198104822359,-3.7423281742612744,-0.08303478224079916,0.15220103107958494,0.14707774072595647,-13.019826812943393,2.3299759234255726,2.3299759234255726,0.0,2.0590610073389826,2.061706742619706
60,0,1.0,fluorescent,9099.912416134746,9087.104237196925,-12.80817893782114,-0.14075057376498912,4095.4161245759924,4091.4992524233985,-3.9168721525938963,-0.09564039485729717,0.06457013439739967,0.14707774072595647,-13.019826812943393,2.139975923425572,2.139975923425572,0.0,2.0600406061018544,2.062944211916579
60,0,1.0,mixed,8928.82633093367,8915.999703386024,-12.82662754764715,-0.14365412734269065,4008.7794280663866,4004.825809813091,-3.9536182532956445,-0.09862399077423552,0.04612152456957119,0.14707774072595647,-13.019826812943393,2.0999759234255726,2.0999759234255726,0.0,2.060269559222618,2.0632334792723084
60,0,1.0,led,8736.354485082462,8723.507102848758,-12.847382233703684,-0.14705655838073994,3911.31314449308,3907.3181868764955,-3.994957616584543,-0.10213852660222897,0.025366838513235734,0.14707774072595647,-13.019826812943393,2.0549759234255722,2.0549759234255722,0.0,2.06053785019211,2.0635724688444848
60,0,1.0,full_led,8672.19720313206,8659.34290266967,-12.854300462389801,-0.14822426383186177,3878.824383301978,3874.81564589763,-4.008737404347812,-0.10334928855261144,0.0184486098278569,0.14707774072595647,-13.019826812943393,2.0399759234255725,2.0399759234255725,0.0,2.0606299269525374,2.063688814505619
60,1,0.0,incandescent,9599.95355853735,9587.796459315745,-12.157099221605677,-0.126637062851145,4367.342113274374,4363.739918560695,-3.602194713679637,-0.082480250464714,0.15220103107958494,0.0,-12.309300252686626,2.2799759234255728,2.2799759234255728,0.0,2.0804880948039752,2.083126104518223
60,1,0.0,fluorescent,8787.294653832247,8775.049923713957,-12.244730118289226,-0.13934584648244552,3955.817804853747,3952.041066161734,-3.7767386920131685,-0.09547301919161064,0.06457013439739967,0.0,-12.309300252686626,2.089975923425573,2.089975923425573,0.0,2.0834841450574997,2.086391444877301
60,1,0.0,mixed,8616.208568631173,8603.945389903054,-12.263178728118874,-0.14232685560520364,3869.1811083441416,3865.3676235514267,-3.8134847927149167,-0.09856051412250742,0.04612152456957119,0.0,-12.309300252686626,2.0499759234255728,2.0499759234255728,0.0,2.084186907288493,2.087157492919694
60,1,0.0,led,8423.736722779962,8411.45278936579,-12.28393341417177,-0.145825229567691,3771.7148247708346,3767.860000614831,-3.854824156003815,-0.10220348926401215,0.025366838513235734,0.0,-12.309300252686626,2.0049759234255724,2.0049759234255724,0.0,2.0850116364287037,2.088056549685786
60,1,0.0,full_led,8359.57944082956,8347.288589186703,-12.290851642857888,-0.14702715285923773,3739.226063579733,3735.3574596359654,-3.868603943767539,-0.10346001760759944,0.0184486098278569,0.0,-12.309300252686626,1.9899759234255727,1.9899759234255727,0.0,2.0852949855427343,2.0883654498048787
60,1,0.25,incandescent,9607.237733419037,9595.220203638344,-12.017529780692712,-0.12508829399411456,4369.406372465789,4365.885456276563,-3.5209161892262273,-0.08058111077544997,0.15220103107958494,0.1395694409162873,-12.309300252686626,2.2799759234255728,2.2799759234255728,0.0,2.0789106758264997,2.081514406687066
60,1,0.25,fluorescent,8794.578828713931,8782.473668036559,-12.105160677372623,-0.1376434382263967,3957.8820640451618,3954.186603877602,-3.6954601675597587,-0.0933696383005108,0.06457013439739967,0.1395694409162873,-12.309300252686626,2.089975923425573,2.089975923425573,0.0,2.081758483923363,2.08462783735292
60,1,0.25,mixed,8623.492743512856,8611.369134225655,-12.123609287200452,-0.14058815433364408,3871.2453675355555,3867.513161267295,-3.7322062682605974,-0.09640841419040637,0.04612152456957119,0.1395694409162873,-12.309300252686626,2.0499759234255728,2.0499759234255728,0.0,2.082426416224101,2.0853581828045518
60,1,0.25,led,8431.020897661647,8418.876533688392,-12.144363973255167,-0.14404381296959448,3773.7790839622494,3770.005538330699,-3.7735456315504052,-0.09999381382940946,0.025366838513235734,0.1395694409162873,-12.309300252686626,2.0049759234255724,2.0049759234255724,0.0,2.083210242555477,2.086215306629902
60,1,0.25,full_led,8366.863615711243,8354.712333509302,-12.151282201941285,-0.14523102993006465,3741.290322771147,3737.502997351834,-3.7873254193132198,-0.10123046041794412,0.0184486098278569,0.1395694409162873,-12.309300252686626,1.9899759234255727,1.9899759234255727,0.0,2.083479531861134,2.086509791520952
60,1,0.5,incandescent,9614.52190830072,9602.643947960945,-11.87796033977429,-0.12354187190024941,4371.470631657204,4368.030993992431,-3.4396376647728175,-0.07868376467781203,0.15220103107958494,0.2791388818325746,-12.309300252686626,2.2799759234255728,2.2799759234255728,0.0,2.077335647024179,2.0799052008430507
60,1,0.5,fluorescent,8801.863003595616,8789.897412359158,-11.96559123645784,-0.13594384770099036,3959.946323236576,3956.33214159347,-3.614181643105894,-0.09126845032969844,0.06457013439739967,0.2791388818325746,-12.309300252686626,2.089975923425573,2.089975923425573,0.0,2.0800356790067065,2.0828672088328966
60,1,0.5,mixed,8630.77691839454,8618.792878548256,-11.98403984628385,-0.1388523879089331,3873.3096267269702,3869.658698983163,-3.6509277438071877,-0.09425860815811671,0.04612152456957119,0.2791388818325746,-12.309300252686626,2.0499759234255728,2.0499759234255728,0.0,2.0806688967866926,2.0835619723388477
60,1,0.5,led,8438.305072543331,8426.300278010991,-12.004794532340384,-0.14226547190622135,3775.8433431536637,3772.151076046567,-3.6922671070965407,-0.09778655446051111,0.025366838513235734,0.2791388818325746,-12.309300252686626,2.0049759234255724,2.0049759234255724,0.0,2.0814119587068087,2.0843773079202275
60,1,0.5,full_led,8374.147790592928,8362.136077831901,-12.011712761026502,-0.14343803168269637,3743.354581962562,3739.648535067702,-3.70604689485981,-0.09900336219062655,0.0184486098278569,0.2791388818325746,-12.309300252686626,1.9899759234255727,1.9899759234255727,0.0,2.0816672364906683,2.0846574280728234
60,1,0.75,incandescent,9621.806083182404,9610.067692283546,-11.738390898857688,-0.1219977912397838,4373.5348908486185,4370.176531708299,-3.3583591403194077,-0.07678820963213509,0.15220103107958494,0.4187083227488628,-12.309300252686626,2.2799759234255728,2.2799759234255728,0.0,2.075763002968576,2.0782984812110232
60,1,0.75,fluorescent,8809.147178477298,8797.321156681759,-11.826021795539418,-0.13424706791632468,3962.010582427991,3958.4776793093383,-3.5329031186524844,-0.08916945185157628,0.06457013439739967,0.4187083227488628,-12.309300252686626,2.089975923425573,2.089975923425573,0.0,2.078315723222219,2.0811095517756044
60,1,0.75,mixed,8638.061093276225,8626.216622870856,-11.844470405369066,-0.13711954890650954,3875.373885918385,3871.804236699031,-3.569649219353778,-0.09211109236000448,0.04612152456957119,0.4187083227488628,-12.309300252686626,2.0499759234255728,2.0499759234255728,0.0,2.07891434145866,2.081768853519883
60,1,0.75,led,8445.589247425016,8433.72402233359,-11.8652250914256,-0.14049019841976332,3777.9076023450784,3774.2966137624353,-3.610988582643131,-0.09558170719690616,0.025366838513235734,0.4187083227488628,-12.309300252686626,2.0049759234255724,2.0049759234255724,0.0,2.0796167768356715,2.0825425449893027
60,1,0.75,full_led,8381.431965474612,8369.559822154502,-11.872143320109899,-0.14164814997024938,3745.4188411539762,3741.7940727835703,-3.6247683704059455,-0.09677871885989504,0.0184486098278569,0.4187083227488628,-12.309300252686626,1.9899759234255727,1.9899759234255727,0.0,2.0798580911968174,2.082808350693
60,1,1.0,incandescent,9629.090258064089,9617.491436606148,-11.598821457941085,-0.12045604669898491,4375.599150040033,4372.322069424167,-3.277080615865998,-0.07489444310354652,0.15220103107958494,0.5582777636651493,-12.309300252686626,2.2799759234255728,2.2799759234255728,0.0,2.074192738247681,2.07669424203366
60,1,1.0,fluorescent,8816.431353358983,8804.744901004358,-11.686452354624635,-0.13255309190574255,3964.074841619405,3960.623217025207,-3.451624594198165,-0.08707263944562929,0.06457013439739967,0.5582777636651493,-12.309300252686626,2.089975923425573,2.089975923425573,0.0,2.0765986095080025,2.0793548586648547
60,1,1.0,mixed,8645.345268157907,8633.640367193457,-11.704900964450644,-0.13538962992677153,3877.4381451097997,3873.9497744148994,-3.488370694900368,-0.08996586313826511,0.04612152456957119,0.5582777636651493,-12.309300252686626,2.0499759234255728,2.0499759234255728,0.0,2.0771627427477335,2.079978818372483
60,1,1.0,led,8452.8734223067,8441.147766656191,-11.725655650508997,-0.1387179845798423,3779.9718615364927,3776.4421514783035,-3.5297100581892664,-0.09337926808678679,0.025366838513235734,0.5582777636651493,-12.309300252686626,2.0049759234255724,2.0049759234255724,0.0,2.0778246889227754,2.0807110092998067
60,1,1.0,full_led,8388.716140356297,8376.983566477104,-11.732573879193296,-0.13986137667420195,3747.483100345391,3743.9396104994385,-3.5434898459525357,-0.09455652636901674,0.0184486098278569,0.5582777636651493,-12.309300252686626,1.9899759234255727,1.9899759234255727,0.0,2.0780520877736617,2.0809625506450686
60,2,0.0,incandescent,9308.953528493292,9297.614459449991,-11.339069043300697,-0.12180820334523672,4235.191254879261,4231.884589130626,-3.306665748634259,-0.07807594863218349,0.15220103107958494,0.0,-11.4912700743821,2.229975923425573,2.229975923425573,0.0,2.098473155915497,2.1010323857162394
60,2,0.0,fluorescent,8496.294623788188,8484.867923848204,-11.426699939984246,-0.13449039194087525,3823.6669464586325,3820.1857367316657,-3.481209726966881,-0.09104374872898056,0.06457013439739967,0.0,-11.4912700743821,2.0399759234255725,2.0399759234255725,0.0,2.1032920679533063,2.1061246031868954
60,2,0.0,mixed,8325.208538587114,8313.763390037302,-11.445148549812075,-0.1374758181343341,3737.030249949027,3733.5122941213585,-3.5179558276686294,-0.09413774019401139,0.04612152456957119,0.0,-11.4912700743821,1.9999759234255725,1.9999759234255725,0.0,2.104426454665282,2.1073235149081393
60,2,0.0,led,8132.736692735905,8121.270789500036,-11.465903235869519,-0.14098456238120644,3639.56396637572,3636.004671184762,-3.5592951909579824,-0.0977945496724524,0.025366838513235734,0.0,-11.4912700743821,1.9549759234255724,1.9549759234255724,0.0,2.1057596890483925,2.1087326765842644
60,2,0.0,full_led,8068.579410785502,8057.106589320949,-11.472821464552908,-0.14219134348751478,3607.0752051846184,3603.5021302058967,-3.5730749787217064,-0.0990574017859666,0.0184486098278569,0.0,-11.4912700743821,1.9399759234255725,1.9399759234255725,0.0,2.1062182354543593,2.109217359955552
60,2,0.25,incandescent,9322.251295834492,9311.19080698913,-11.06048884536176,-0.11864611341580089,4239.198763613823,4236.0490867208855,-3.14967689293735,-0.074298872701414,0.15220103107958494,0.27858019794061484,-11.4912700743821,2.229975923425573,2.229975923425573,0.0,2.0954797794323303,2.097968938037983
60,2,0.25,fluorescent,8509.592391129388,8498.444271387343,-11.14811974204531,-0.13100650688823107,3827.6744551931947,3824.3502343219257,-3.3242208712690626,-0.08684701142122805,0.06457013439739967,0.27858019794061484,-11.4912700743821,2.0399759234255725,2.0399759234255725,0.0,2.100005296121627,2.1027600486095515
60,2,0.25,mixed,8338.506305928313,8327.339737576442,-11.16656835187132,-0.13391569115840782,3741.0377586835893,3737.6767917116185,-3.360966971970811,-0.08984049851326496,0.04612152456957119,0.27858019794061484,-11.4912700743821,1.9999759234255725,1.9999759234255725,0.0,2.1010704371299944,2.1038878731164763
60,2,0.25,led,8146.034460077105,8134.847137039176,-11.187323037928763,-0.13733459013409172,3643.5714751102823,3640.169168775022,-3.402306335260164,-0.0933783338271739,0.025366838513235734,0.27858019794061484,-11.4912700743821,1.9549759234255724,1.9549759234255724,0.0,2.102322200223778,2.1052133863994373
60,2,0.25,full_led,8081.877178126702,8070.682936860088,-11.194241266613972,-0.138510410637157,3611.0827139191806,3607.6666277961567,-3.416086123023888,-0.09460005194166103,0.0184486098278569,0.27858019794061484,-11.4912700743821,1.9399759234255725,1.9399759234255725,0.0,2.1027527039389007,2.1056692750984998
60,2,0.5,incandescent,9335.549063175693,9324.76715452827,-10.781908647422824,-0.11549303179126692,4243.206272348384,4240.2135843111455,-2.992688037238622,-0.0705289313117067,0.15220103107958494,0.5571603958812297,-11.4912700743821,2.229975923425573,2.229975923425573,0.0,2.0924949306155645,2.094914410782009
60,2,0.5,fluorescent,8522.890158470587,8512.020618926485,-10.869539544102736,-0.12753349323996507,3831.681963927757,3828.5147319121857,-3.167232015571244,-0.08265905274467501,0.06457013439739967,0.5571603958812297,-11.4912700743821,2.0399759234255725,2.0399759234255725,0.0,2.0967287806058947,2.099406226704108
60,2,0.5,mixed,8351.804073269514,8340.916085115583,-10.887988153930564,-0.13036690107204826,3745.0452674181515,3741.8412893018776,-3.203978116273902,-0.08555245364184173,0.04612152456957119,0.5571603958812297,-11.4912700743821,1.9999759234255725,1.9999759234255725,0.0,2.097725106516953,2.100463415579997
60,2,0.5,led,8159.332227418305,8148.423484578317,-10.908742839988008,-0.1336965150570863,3647.5789838448445,3644.3336663652817,-3.2453174795628,-0.08897182196564725,0.025366838513235734,0.5571603958812297,-11.4912700743821,1.9549759234255724,1.9549759234255724,0.0,2.098895915974575,2.101705823417236
60,2,0.5,full_led,8095.174945467901,8084.259284399228,-10.915661068673217,-0.13484157096301383,3615.090222653743,3611.8311253864167,-3.2590972673260694,-0.09015258448884995,0.0184486098278569,0.5571603958812297,-11.4912700743821,1.9399759234255725,1.9399759234255725,0.0,2.0992985579295285,2.102133107235058
60,2,0.75,incandescent,9348.846830516892,9338.343502067411,-10.50332844948025,-0.11234892003145085,4247.213781082946,4244.3780819014055,-2.8356991815408037,-0.06676610426748433,0.15220103107958494,0.8357405938218392,-11.4912700743821,2.229975923425573,2.229975923425573,0.0,2.08951857307603,2.0918687650420296
60,2,0.75,fluorescent,8536.187925811786,8525.596966465624,-10.59095934616198,-0.1240713001893616,3835.689472662319,3832.679229502445,-3.0102431598738804,-0.07847984518372642,0.06457013439739967,0.8357405938218392,-11.4912700743821,2.0399759234255725,2.0399759234255725,0.0,2.093462473473904,2.0960630861977387
60,2,0.75,mixed,8365.101840610712,8354.49243265472,-10.609407955991628,-0.12682939380947292,3749.0527761527137,3746.0057868921376,-3.0469892605760833,-0.08127357608720863,0.04612152456957119,0.8357405938218392,-11.4912700743821,1.9999759234255725,1.9999759234255725,0.0,2.09439041186006,2.097050087774265
60,2,0.75,led,8172.6299947595035,8161.999832117456,-10.630162642047253,-0.13007027907617966,3651.5864925794067,3648.4981639555417,-3.0883286238649816,-0.0845749821383376,0.025366838513235734,0.8357405938218392,-11.4912700743821,1.9549759234255724,1.9549759234255724,0.0,2.0954807816075576,2.0982099291179654
60,2,0.75,full_led,8108.472712809102,8097.835631938369,-10.637080870732461,-0.13118476496725298,3619.0977313883045,3615.9956229766767,-3.102108411627796,-0.08571496659853425,0.0184486098278569,0.8357405938218392,-11.4912700743821,1.9399759234255725,1.9399759234255725,0.0,2.0958557414100913,2.0986087964272664
60,2,1.0,incandescent,9362.14459785809,9351.919849606551,-10.224748251539495,-0.10921373991466393,4251.2212898175085,4248.5425794916655,-2.678710325842985,-0.06301037144923533,0.15220103107958494,1.1143207917624594,-11.4912700743821,2.229975923425573,2.229975923425573,0.0,2.086550670631302,2.0888319621376854
60,2,1.0,fluorescent,8549.485693152987,8539.173314004764,-10.312379148223044,-0.12061987724573776,3839.6969813968813,3836.843727092705,-2.853254304176062,-0.07430936133762431,0.06457013439739967,1.1143207917624594,-11.4912700743821,2.0399759234255725,2.0399759234255725,0.0,2.090206327091662,2.0927305761436905
60,2,1.0,mixed,8378.399607951911,8368.068780193862,-10.330827758049054,-0.12330311564805407,3753.060284887276,3750.1702844823976,-2.890000404878265,-0.07700383648287351,0.04612152456957119,1.1143207917624594,-11.4912700743821,1.9999759234255725,1.9999759234255725,0.0,2.0910663025167766,2.0936478355286816
60,2,1.0,led,8185.927762100703,8175.576179656597,-10.351582444106498,-0.12645582449471843,3655.594001313969,3652.6626615458017,-2.931339768167163,-0.08018778253584836,0.025366838513235734,1.1143207917624594,-11.4912700743821,1.9549759234255724,1.9549759234255724,0.0,2.0920767427848865,2.094725645370642
60,2,1.0,full_led,8121.7704801503005,8111.411979477509,-10.358500672791706,-0.1275399335416828,3623.1052401228667,3620.1601205669367,-2.9451195559299777,-0.0812871655870008,0.0184486098278569,1.1143207917624594,-11.4912700743821,1.9399759234255725,1.9399759234255725,0.0,2.0924241987312997,2.0950962831384485
60,3,0.0,incandescent,9026.474309880305,9016.091490517209,-10.382819363096132,-0.11502629937949509,4106.918130405099,4103.978897303246,-2.939233101852551,-0.07156785230492604,0.15220103107958494,0.0,-10.535020394176172,2.1799759234255727,2.1799759234255727,0.0,2.115619945686329,2.118056267429529
60,3,0.0,fluorescent,8213.8154051752,8203.344954915423,-10.470450259777863,-0.12747364949522538,3695.3938219844717,3692.2800449042866,-3.113777080185173,-0.08426103495819118,0.06457013439739967,0.0,-10.535020394176172,1.9899759234255727,1.9899759234255727,0.0,2.1223010536887257,2.1250098813365996
60,3,0.0,mixed,8042.729319974125,8032.2404211045205,-10.488898869604782,-0.13041466960171832,3608.7571254748664,3605.6066022939794,-3.150523180886921,-0.08730216723776756,0.04612152456957119,0.0,-10.535020394176172,1.949975923425573,1.949975923425573,0.0,2.123879644536262,2.126653112166068
60,3,0.0,led,7850.257474122916,7839.747820567254,-10.509653555662226,-0.13387654596432755,3511.29084190156,3508.098979357383,-3.191862544176729,-0.09090282428578765,0.025366838513235734,0.0,-10.535020394176172,1.9049759234255725,1.9049759234255725,0.0,2.1257378046791344,2.1285874840806507
60,3,0.0,full_led,7786.100192172515,7775.583620388166,-10.516571784348343,-0.1350685391246418,3478.8020807104576,3475.5964383785185,-3.2056423319390888,-0.09214787899875054,0.0184486098278569,0.0,-10.535020394176172,1.8899759234255729,1.8899759234255729,0.0,2.126377606321096,2.1292535579961407
60,3,0.25,incandescent,9047.63147916822,9037.695301355927,-9.936177812292954,-0.10982076176699475,4113.615981784006,4110.9249103277725,-2.691071456233658,-0.0654186357732543,0.15220103107958494,0.44664155080494794,-10.535020394176172,2.1799759234255727,2.1799759234255727,0.0,2.110672736083149,2.1129932413568926
60,3,0.25,fluorescent,8234.972574463114,8224.948765754141,-10.023808708972865,-0.1217224297753824,3702.0916733633785,3699.2260579288127,-2.865615434565825,-0.0774053072533018,0.06457013439739967,0.44664155080494794,-10.535020394176172,1.9899759234255727,1.9899759234255727,0.0,2.1168484693277225,2.1194282889383653
60,3,0.25,mixed,8063.8864892620395,8053.844231943239,-10.042257318800694,-0.12453371376411454,3615.4549768537727,3612.5526153185046,-2.902361535268028,-0.08027652270181801,0.04612152456957119,0.44664155080494794,-10.535020394176172,1.949975923425573,1.949975923425573,0.0,2.1183072346013696,2.1209485305735183
60,3,0.25,led,7871.41464341083,7861.3516314059725,-10.063012004857228,-0.12784248398451462,3517.9886932804666,3515.0449923819087,-2.943700898557836,-0.08367567821296444,0.025366838513235734,0.44664155080494794,-10.535020394176172,1.9049759234255725,1.9049759234255725,0.0,2.120024143713127,2.122737904578822
60,3,0.25,full_led,7807.257361460428,7797.187431226885,-10.069930233543346,-0.12898166113048004,3485.499932089364,3482.5424514030437,-2.9574806863201957,-0.08485097529602734,0.0184486098278569,0.44664155080494794,-10.535020394176172,1.8899759234255729,1.8899759234255729,0.0,2.1206152586868243,2.123353995942471
60,3,0.5,incandescent,9068.788648456131,9059.299112194645,-9.489536261486137,-0.10463951283175657,4120.3138331629125,4117.870923352298,-2.442909810614765,-0.05928941118398966,0.15220103107958494,0.8932831016098959,-10.535020394176172,2.1799759234255727,2.1799759234255727,0.0,2.1057486098167053,2.1079543629928565
60,3,0.5,fluorescent,8256.129743751027,8246.55257659286,-9.577167158167867,-0.11600068622246057,3708.7895247422853,3706.172070953338,-2.617453788947387,-0.0705743416143106,0.06457013439739967,0.8932831016098959,-10.535020394176172,1.9899759234255727,1.9899759234255727,0.0,2.1114238305668884,2.113875941164531
60,3,0.5,mixed,8085.043658549954,8075.448042781957,-9.595615767996605,-0.11868353682727759,3622.152828232679,3619.49862834303,-2.654199889649135,-0.07327686090330353,0.04612152456957119,0.8932831016098959,-10.535020394176172,1.949975923425573,1.949975923425573,0.0,2.1127639887440783,2.1152744713002223
60,3,0.5,led,7892.571812698744,7882.955442244692,-9.61637045405223,-0.12184077233963184,3524.686544659373,3521.9910054064344,-2.695539252938488,-0.07647599917850244,0.025366838513235734,0.8932831016098959,-10.535020394176172,1.9049759234255725,1.9049759234255725,0.0,2.1143411153204257,2.116920387470335
60,3,0.5,full_led,7828.414530748341,7818.791242065603,-9.623288682738348,-0.12292768407881474,3492.1977834682702,3489.4884644275694,-2.709319040700848,-0.0775820617470896,0.0184486098278569,0.8932831016098959,-10.535020394176172,1.8899759234255729,1.8899759234255729,0.0,2.114884057835573,2.1174870356091167
60,3,0.75,incandescent,9089.945817744047,9080.902923033365,-9.04289471068114,-0.09948238297558319,4127.011684541818,4124.816936376823,-2.1947481649949623,-0.05318008120053636,0.15220103107958494,1.339924652414851,-10.535020394176172,2.1799759234255727,2.1799759234255727,0.0,2.1008474057051565,2.102939459992491
60,3,0.75,fluorescent,8277.28691303894,8268.156387431578,-9.13052560736287,-0.11030819280868287,3715.4873761211916,3713.118083977863,-2.3692921433284937,-0.0637680041266062,0.06457013439739967,1.339924652414851,-10.535020394176172,1.9899759234255727,1.9899759234255727,0.0,2.1060269231150675,2.108352608775843
60,3,0.75,mixed,8106.200827837867,8097.051853620676,-9.148974217190698,-0.11286389779256142,3628.8506796115853,3626.444641367556,-2.4060382440293324,-0.0663030379714291,0.04612152456957119,1.339924652414851,-10.535020394176172,1.949975923425573,1.949975923425573,0.0,2.107249678609822,2.1096306900356243
60,3,0.75,led,7913.728981986657,7904.559253083411,-9.169728903246323,-0.11587115156607701,3531.384396038279,3528.93701843096,-2.4473776073191402,-0.06930363089514573,0.025366838513235734,1.339924652414851,-10.535020394176172,1.9049759234255725,1.9049759234255725,0.0,2.1086884738146257,2.1111346698677123
60,3,0.75,full_led,7849.571700036255,7840.395052904321,-9.17664713193335,-0.11690634193316518,3498.895634847177,3496.434477452095,-2.4611573950819547,-0.07034097760933793,0.0184486098278569,1.339924652414851,-10.535020394176172,1.8899759234255729,1.8899759234255729,0.0,2.1091837519149674,2.111652407498918
60,3,1.0,incandescent,9111.10298703196,9102.506733872084,-8.596253159876142,-0.09434920417551403,4133.709535920725,4131.762949401349,-1.9465865193760692,-0.04709054911722274,0.15220103107958494,1.7865662032197918,-10.535020394176172,2.1799759234255727,2.1799759234255727,0.0,2.095968964063805,2.097948361647032
60,3,1.0,fluorescent,8298.444082326854,8289.760198270296,-8.683884056557872,-0.10464472581133477,3722.185227500098,3720.064097002389,-2.121130497708691,-0.056986161839487216,0.06457013439739967,1.7865662032197918,-10.535020394176172,1.9899759234255727,1.9899759234255727,0.0,2.100657534866475,2.102858064922715
60,3,1.0,mixed,8127.3579971257805,8118.655664459395,-8.7023326663857,-0.10707455817085033,3635.5485309904916,3633.390654392081,-2.1578765984104393,-0.05935491109570016,0.04612152456957119,1.7865662032197918,-10.535020394176172,1.949975923425573,1.949975923425573,0.0,2.1017640782218465,2.1040169450696196
60,3,1.0,led,7934.886151274572,7926.163063922129,-8.723087352442235,-0.10993336496757493,3538.0822474171855,3535.8830314554853,-2.199215961700247,-0.062158418259091734,0.025366838513235734,1.7865662032197918,-10.535020394176172,1.9049759234255725,1.9049759234255725,0.0,2.1030659761296646,2.105380491749616
60,3,1.0,full_led,7870.72886932417,7861.9988637430415,-8.730005581128353,-0.11091737151756272,3505.5934862260838,3503.3804904766203,-2.2129957494635164,-0.06312756336861801,0.0184486098278569,1.7865662032197918,-10.535020394176172,1.8899759234255729,1.8899759234255729,0.0,2.1035140917806303,2.1058498450768965
60,4,0.0,incandescent,8753.482696859355,8744.296505435903,-9.186191423452328,-0.10494327505494726,3983.0527506594217,3980.605231678782,-2.4475189806398703,-0.06144831951408795,0.15220103107958494,0.0,-9.338392454531913,2.129975923425573,2.129975923425573,0.0,2.131561772082156,2.133801052790111
60,4,0.0,fluorescent,7940.823792154252,7931.549969834118,-9.273822320134059,-0.11678665290743317,3571.5284422387945,3568.906379279821,-2.6220629589734017,-0.07341570986705553,0.06457013439739967,0.0,-9.338392454531913,1.9399759234255725,1.9399759234255725,0.0,2.140104041346281,2.1426063195518688
60,4,0.0,mixed,7769.737706953178,7760.445436023215,-9.292270929962797,-0.11959568366956708,3484.891745729188,3482.2329366695135,-2.658809059674695,-0.07629531284388172,0.04612152456957119,0.0,-9.338392454531913,1.8999759234255726,1.8999759234255726,0.0,2.1421301100439214,2.144695072778839
60,4,0.0,led,7577.265861101968,7567.952835485949,-9.313025616018422,-0.12290746803312007,3387.425462155882,3384.725313732918,-2.7001484229640482,-0.07971093248043233,0.025366838513235734,0.0,-9.338392454531913,1.8549759234255725,1.8549759234255725,0.0,2.1445187996669848,2.1471578169745036
60,4,0.0,full_led,7513.108579151566,7503.788635306862,-9.31994384470454,-0.12404910359696963,3354.93670096478,3352.222772754053,-2.7139282107268627,-0.08089357423484078,0.0184486098278569,0.0,-9.338392454531913,1.8399759234255726,1.8399759234255726,0.0,2.14534222677615,2.148006809969118
60,4,0.25,incandescent,8784.523768806748,8775.977900574164,-8.545868232584326,-0.09728322738371006,3993.3181261031204,3991.2235875100487,-2.094538593071775,-0.05245108270689494,0.15220103107958494,0.640323190869097,-9.338392454531913,2.129975923425573,2.129975923425573,0.0,2.124029666293739,2.1260980030484453
60,4,0.25,fluorescent,7971.864864101644,7963.231364972379,-8.633499129265147,-0.10829961717167244,3581.7938176824928,3579.524735111088,-2.2690825714048515,-0.06335045194960448,0.06457013439739967,0.640323190869097,-9.338392454531913,1.9399759234255725,1.9399759234255725,0.0,2.1317708439508403,2.134082046637478
60,4,0.25,mixed,7800.77877890057,7792.126831161476,-8.651947739093885,-0.11091133314144921,3495.1571211728874,3492.8512925007803,-2.3058286721070544,-0.06597210346106776,0.04612152456957119,0.640323190869097,-9.338392454531913,1.8999759234255726,1.8999759234255726,0.0,2.1336060874108993,2.1359751258986033
60,4,0.25,led,7608.306933049359,7599.63423062421,-8.6727024251486,-0.1139899126239987,3397.690837599581,3395.343669564185,-2.3471680353959528,-0.06908127159250878,0.025366838513235734,0.640323190869097,-9.338392454531913,1.8549759234255725,1.8549759234255725,0.0,2.1357693941896856,2.1382067341776954
60,4,0.25,full_led,7544.149651098958,7535.4700304451235,-8.679620653834718,-0.11505101376893226,3365.2020764084787,3362.84112858532,-2.3609478231587673,-0.07015768353734333,0.0184486098278569,0.640323190869097,-9.338392454531913,1.8399759234255726,1.8399759234255726,0.0,2.1365150261646884,2.1389759396675494
60,4,0.5,incandescent,8815.56484075414,8807.659295712427,-7.905545041712685,-0.08967712431953928,4003.583501546819,4001.8419433413155,-1.7415582055036793,-0.04349998457209181,0.15220103107958494,1.280646381738194,-9.338392454531913,2.129975923425573,2.129975923425573,0.0,2.1165506041030766,2.1184503694745582
60,4,0.5,fluorescent,8002.9059360490355,7994.912760110639,-7.993175938396234,-0.09987841919259638,3592.059193126192,3590.143090942355,-1.9161021838372108,-0.05334272295690135,0.06457013439739967,1.280646381738194,-9.338392454531913,1.9399759234255725,1.9399759234255725,0.0,2.123502290918828,2.1256253318982856
60,4,0.5,mixed,7831.819850847961,7823.808226299737,-8.011624548224063,-0.10229582269255892,3505.422496616586,3503.4696483320477,-1.9528482845385042,-0.05570935561757198,0.04612152456957119,1.280646381738194,-9.338392454531913,1.8999759234255726,1.8999759234255726,0.0,2.1251496339520592,2.127325799379886
60,4,0.5,led,7639.348004996751,7631.315625762471,-8.032379234279688,-0.10514482687561638,3407.956213043279,3405.9620253954517,-1.9941876478274025,-0.05851564759532541,0.025366838513235734,1.280646381738194,-9.338392454531913,1.8549759234255725,1.8549759234255725,0.0,2.1270910918810704,2.1293299721939443
60,4,0.5,full_led,7575.190723046349,7567.1514255833845,-8.039297462964896,-0.10612666739210372,3375.467451852177,3373.4594844165867,-2.007967435590217,-0.05948709220965561,0.0184486098278569,1.280646381738194,-9.338392454531913,1.8399759234255726,1.8399759234255726,0.0,2.127760168489344,2.1300206884607698
60,4,0.75,incandescent,8846.605912701532,8839.340690850686,-7.265221850846501,-0.08212439801817603,4013.848876990518,4012.4602991725824,-1.3885778179355839,-0.03459467111219953,0.15220103107958494,1.9209695726072908,-9.338392454531913,2.129975923425573,2.129975923425573,0.0,2.1091240271502216,2.1108575562112812
60,4,0.75,fluorescent,8033.947007996428,8026.5941552489,-7.352852747527322,-0.09152229583054018,3602.3245685698907,3600.761446773622,-1.5631217962686605,-0.04339203107645611,0.06457013439739967,1.9209695726072908,-9.338392454531913,1.9399759234255725,1.9399759234255725,0.0,2.1152976329434576,2.11723537536713
60,4,0.75,mixed,7862.860922795354,7855.489621437999,-7.371301357355151,-0.09374833702049702,3515.6878720602845,3514.088004163314,-1.5998678969704088,-0.045506539692695885,0.04612152456957119,1.9209695726072908,-9.338392454531913,1.8999759234255726,1.8999759234255726,0.0,2.1167599494168496,2.1187462387813913
60,4,0.75,led,7670.389076944143,7662.997020900732,-7.392056043410776,-0.09637133096194575,3418.221588486978,3416.5803812267186,-1.641207260259307,-0.04801348355493131,0.025366838513235734,1.9209695726072908,-9.338392454531913,1.8549759234255725,1.8549759234255725,0.0,2.118483029505173,2.120526609221882
60,4,0.75,full_led,7606.231794993742,7598.8328207216455,-7.398974272096893,-0.09727516162427154,3385.7328272958757,3384.0778402478536,-1.6549870480221216,-0.04888120629836969,0.0184486098278569,1.9209695726072908,-9.338392454531913,1.8399759234255726,1.8399759234255726,0.0,2.119076768054408,2.1211401105251984
60,4,1.0,incandescent,8877.646984648924,8871.022085988947,-6.6248986599766795,-0.07462448857712344,4024.1142524342167,4023.0786550038492,-1.0355974303674884,-0.025734791941880074,0.15220103107958494,2.561292763476388,-9.338392454531913,2.129975923425573,2.129975923425573,0.0,2.101749384884546,2.1033189759134667
60,4,1.0,fluorescent,8064.988079943819,8058.275550387161,-6.7125295566575005,-0.08323049569472223,3612.589944013589,3611.3798026048894,-1.2101414086996556,-0.03349789008589189,0.06457013439739967,2.561292763476388,-9.338392454531913,1.9399759234255725,1.9399759234255725,0.0,2.107156132253874,2.1089113896572482
60,4,1.0,mixed,7893.901994742745,7887.17101657626,-6.730978166485329,-0.0852680736468237,3525.953247503983,3524.7063599945814,-1.2468875094018586,-0.035363132233376275,0.04612152456957119,2.561292763476388,-9.338392454531913,1.8999759234255726,1.8999759234255726,0.0,2.108436246141972,2.110235603390392
60,4,1.0,led,7701.430148891534,7694.678416038993,-6.751732852540954,-0.08766855924172381,3428.4869639306767,3427.1987370579855,-1.2882268726912116,-0.03757420944702356,0.025366838513235734,2.561292763476388,-9.338392454531913,1.8549759234255725,1.8549759234255725,0.0,2.1099443577433235,2.1117957386415185
60,4,1.0,full_led,7637.2728669411335,7630.5142158599065,-6.758651081227072,-0.08849560830126571,3395.998202739575,3394.6961960791205,-1.3020066604544809,-0.03833943903162679,0.0184486098278569,2.561292763476388,-9.338392454531913,1.8399759234255726,1.8399759234255726,0.0,2.1104639535635243,2.112333275745245
